,nbeats,nhits,tcn,tide,random_forest,xgboost,y,commodity
0,1123.9407776998657,1135.288606035165,1216.1774017669245,1115.9712797385544,1129.642151380496,1125.932,1128.1147540983607,Onion
1,1126.1607524230744,1132.3454383408566,1220.965911059655,1115.7242032977017,1129.770024489245,1124.6388,1117.9565217391305,Onion
2,1116.6909550525236,1128.9859904144012,1212.751398047421,1084.5175044467942,1130.3345977668855,1123.6396,1124.8521126760563,Onion
3,1115.16550795592,1126.017907649442,1215.684247283814,1111.3098594232397,1126.8231073743864,1125.0396,1105.476821192053,Onion
4,1103.5619765361905,1126.1358918662013,1259.962863954182,1137.5504655271716,1129.9761396157328,1123.6396,1106.873786407767,Onion
5,1094.3104567434848,1111.3101408469354,1307.4016294456142,1138.6299201403945,1129.4696936325706,1124.1444,1100.5935483870967,Onion
6,1101.1890120199225,1109.129627519686,1259.1959825038864,1123.9275997605923,1132.3532325648036,1125.7611,1104.0065359477123,Onion
7,1098.0521098821143,1105.2741088466423,1209.5956039849302,1125.5583650947863,1133.0126519994433,1124.1444,1133.9066666666668,Onion
8,1099.4523286667331,1101.4313669450771,1257.673752124119,1102.2370179942302,1132.3508286287988,1126.7489,1111.716814159292,Onion
9,1090.924076184074,1096.8568205827737,1227.4420195788473,1119.0606457982126,1131.8694598942084,1127.9308,1128.0192307692307,Onion
10,1087.1202115397566,1090.696145500869,1211.777740749964,1123.7642835967342,1131.88807556534,1126.3906,1122.3149606299212,Onion
11,1085.0347764606215,1090.9375378016657,1075.0374829108878,1115.700015061249,1133.8140089688814,1127.9308,1112.274336283186,Onion
12,1090.2662648255587,1080.5667264988517,1050.360063642078,1134.0958774173964,1131.6631940145742,1130.3844,1130.2533333333333,Onion
13,1086.6482553886576,1078.6009897887313,1068.1430566052668,1096.0445930597477,1133.6048182273,1130.7927,1127.9610389610389,Onion
14,1085.3955270317383,1080.5972905025278,1150.912046482708,1113.8328319223008,1131.3437481073308,1129.3853,1139.9806451612903,Onion
15,1084.364791325711,1070.4470058347042,1123.0116583159124,1116.2240497300975,1134.0774683678576,1130.4532,1138.1960784313726,Onion
16,1074.5631948544421,1060.7123923037386,1075.8940474878655,1113.8740754524213,1134.216656930322,1131.1368,1123.0,Onion
17,1071.7251029018112,1060.1320751618362,1036.2351105508492,1120.5355752814155,1133.6660434622527,1131.5972,1117.20625,Onion
18,1076.646777908438,1063.2918484794877,1096.3682820707113,1083.119295668777,1136.4160079596702,1129.7794,1089.6909090909091,Onion
19,1067.4433934467038,1061.2698092676667,1002.3140330166432,1124.8017645350856,1135.0718141012899,1130.7786,1113.59375,Onion
20,1069.8788869550276,1064.5042540369507,1001.3171629654722,1092.5230216514133,1137.2145662455366,1130.7786,1111.53125,Onion
21,1070.7413271051464,1058.348634171299,1039.6442761279625,1072.003837843928,1137.4042870943717,1130.2446,1107.2337662337663,Onion
22,1072.5529238488616,1060.1574215517085,1130.1211306055786,1087.7199878944652,1139.3085469266082,1130.2446,1097.3885350318471,Onion
23,1068.4849029405127,1055.8029648709687,1149.786201573095,1097.5556217242122,1139.397490700601,1130.2446,1097.578947368421,Onion
24,1068.2593379101932,1053.592380927184,1119.0695759453079,1092.8128752093019,1139.511190177884,1130.2446,1094.935064935065,Onion
25,1076.2266114709191,1063.1324819078627,1125.3094979317862,1063.2904247924316,1142.7124548274153,1132.3799,1088.2882882882882,Onion
26,1063.4717484075297,1056.8196479577634,1135.0753350310708,1083.3383812487443,1142.0101898033838,1130.2446,1096.4050632911392,Onion
27,1077.6768769630103,1063.5580532028252,1191.7209494283593,1097.2826664200484,1143.3518564156082,1132.3799,1098.5194805194806,Onion
28,1069.703673889479,1063.9825968235368,1159.0104999527568,1095.0286540239454,1143.352297439888,1132.3799,1114.4859154929577,Onion
29,1080.928437604703,1063.392621849294,1145.3670656895786,1096.4152432501187,1143.090212488613,1132.3799,1104.0211267605634,Onion
30,1068.7541292348074,1072.6917458923003,1470.6354527004232,1078.42761092372,1142.5216455293016,1127.7222,1090.386075949367,Onion
31,1066.5438808211888,1069.032851065946,1537.706451200635,1077.9214179533412,1142.6853769119998,1130.8046,1106.2948717948718,Onion
32,1060.3054218062496,1066.6279133249159,1489.780689608605,1071.0587580708163,1144.3011666045359,1132.3799,1072.4271844660195,Onion
33,1069.5037214588126,1068.2403189351853,1451.7633471162906,1093.1474799928637,1143.84418254427,1127.7222,1092.0807453416148,Onion
34,1061.9000430623796,1069.689898825287,1620.6571775086647,1103.0494326768844,1145.7103272168345,1130.8046,1086.246835443038,Onion
35,1054.8016408404635,1060.7893204955021,1697.4088544841857,1129.235001510437,1144.63126651182,1132.3799,1101.6447368421052,Onion
36,1065.3106789332137,1061.5701035432112,1563.7799889366784,1124.4332336374575,1143.9682196891924,1127.7222,1086.2866242038217,Onion
37,1068.1677316772273,1065.2614782365301,1309.050885959095,1119.7904568859215,1144.3786184694334,1127.7222,1088.240506329114,Onion
38,1074.112304633609,1061.4741041812456,1169.1429273982085,1101.6503577299582,1146.3567109301177,1130.2313,1099.0205479452054,Onion
39,1068.1373323772214,1061.8436442649036,1069.325100096766,1101.6598883692848,1146.2027274790737,1130.8046,1091.0,Onion
40,1073.221339919767,1058.909871798357,1076.243877047231,1136.2224722251872,1147.082081747721,1132.3799,1099.0,Onion
41,1070.945337650529,1060.445270325447,739.030666634127,1100.479282634684,1146.5015153272832,1130.2446,1097.6582278481012,Onion
42,1076.4615968494404,1059.7059664937406,661.1720787239908,1137.6346828946948,1147.200850716537,1132.3799,1102.325,Onion
43,1084.946865654642,1057.6677340601632,723.3315911981732,1093.4086062514991,1147.0375498123278,1132.3799,1101.364238410596,Onion
44,1090.1642885210554,1065.7981713240597,875.8616008883314,1121.6738915978658,1146.61873898611,1127.7222,1111.1049382716049,Onion
45,1084.8748976821691,1059.7464241549721,1063.1969493605181,1130.8077536947787,1149.253120438364,1128.6693,1116.0194805194806,Onion
46,1076.3577482831354,1053.8326669557348,1037.3541978033452,1121.4976397903852,1158.9854179350025,1127.7222,1102.0747663551401,Onion
47,1077.5754575410344,1059.90953400269,871.8750258177338,1145.753244329115,1162.0316989498917,1132.7603,1122.45625,Onion
48,1086.7772831163693,1062.3867748666094,997.575783181381,1095.3055873127435,1164.4823374652574,1130.2446,1112.3396226415093,Onion
49,1079.0383161330722,1062.6794983334255,855.0576429714853,1130.3257374112734,1169.1210917690669,1130.625,1118.1612903225807,Onion
50,1092.5602895533223,1061.2054853743794,774.3283175631219,1082.4404325323635,1170.2084974059537,1130.9567,1120.2597402597403,Onion
51,1080.239692145278,1065.0871400928306,788.8456479923093,1084.068854820833,1169.6999755211184,1130.9261,1132.7088607594937,Onion
52,1082.938334810436,1065.0223973101365,1082.888605197301,1090.3035335180105,1168.0246664725262,1130.9567,1164.483870967742,Onion
53,1062.7339556960583,1065.4356538895381,1241.6029396534595,1074.0863801278326,1165.2296134047547,1130.9567,1163.366972477064,Onion
54,1069.6879887020482,1061.8082521231483,1103.2477700158838,1107.470682574289,1168.3250647989673,1132.5918,1152.5359477124182,Onion
55,1070.9801393238497,1070.5229864623918,1006.37762087578,1056.7737222205658,1167.2052941821912,1130.9261,1148.5555555555557,Onion
56,1058.931496124137,1066.0665594320367,1129.326457031749,1088.5616123885934,1168.1749060792206,1132.2601,1159.7328767123288,Onion
57,1070.4618668389658,1068.2139017700865,1203.999347636117,1084.8424392457407,1168.1404573377968,1131.0088,1176.9105691056911,Onion
58,1059.4470304623842,1071.3106938459084,992.3572295956212,1075.540360166903,1167.5151371026693,1131.2783,1192.5524475524476,Onion
59,1079.6609570177957,1072.9398237132561,905.7568997407936,1073.4963286187744,1167.047368458959,1132.3428,1201.802919708029,Onion
60,1068.3460316640987,1084.6210513502997,1295.2927535107228,1059.4186497400674,1168.434550929121,1132.6123,1223.5833333333333,Onion
61,1067.708798694825,1085.2437843321013,1516.4181951892226,1082.448027181323,1168.1324613518498,1132.6123,1239.9657534246576,Onion
62,1062.4824405329312,1085.734586690338,1432.283069984645,1035.1821498020272,1167.6488080536496,1132.6123,1254.4166666666667,Onion
63,1055.8947641975117,1085.6098282132882,1290.212198752556,1070.733827026695,1167.9303185397994,1132.6123,1280.8724832214766,Onion
64,1059.6778273217576,1090.1662763298136,1594.5111216485354,1078.1393847616978,1168.077081950252,1131.8693,1310.8397435897436,Onion
65,1047.6258715486856,1078.6833148823166,1982.0532831254036,1071.83267920438,1166.5540210131132,1131.8693,1352.938775510204,Onion
66,1059.6042656850361,1083.5750349989257,1589.7371920723983,1070.9442250503596,1166.1240015729404,1132.7126,1378.6083916083917,Onion
67,1059.1185490156263,1086.4083018688373,1050.6337493128665,1082.49787147409,1168.1259592669553,1131.8693,1368.212962962963,Onion
68,1067.3960359981265,1084.7263910243546,794.1993167133116,1080.3829709479253,1166.4234607858039,1132.7126,1387.549019607843,Onion
69,1058.7960024165925,1089.3836625164377,446.06576770467336,1072.1515802390268,1166.7968829704832,1132.7126,1399.6133333333332,Onion
70,1061.2411763853206,1089.0287625068477,673.9770861653727,1096.4490300348639,1167.3359770665336,1132.7126,1420.6225165562914,Onion
71,1061.7455890348224,1089.5200506150113,393.15673010578985,1079.4314125398516,1168.2145197483958,1131.8693,1443.90625,Onion
72,1069.9923736562662,1082.0229581498807,289.67950624712915,1111.299738405435,1166.3171274129998,1131.7866,1453.335616438356,Onion
73,1074.1630690797042,1083.1326932441893,333.39098453121636,1049.1316521199494,1167.9467615909787,1132.5297,1458.4305555555557,Onion
74,1079.4135697507033,1092.6746289842638,583.0386402661456,1098.1043278758368,1167.8806707494527,1132.6123,1467.6666666666667,Onion
75,1083.5555042946148,1084.3920165595223,1016.1561563978606,1115.421906215716,1168.6727721239297,1132.5297,1472.2344827586207,Onion
76,1073.7167762682598,1083.7880547205368,1021.2292073747183,1102.4101208366005,1166.3045433303678,1132.5297,1488.861111111111,Onion
77,1076.1366308131505,1085.2068779190022,706.7937778386115,1123.865102650722,1167.7244339841875,1132.6123,1470.3506493506493,Onion
78,1080.9619730357272,1089.0540291768561,800.5211474779043,1089.9134684479413,1166.9712155629154,1132.5297,1486.4068965517242,Onion
79,1076.122365434228,1085.425786402097,571.695763196876,1124.2885530940478,1168.0118206030288,1132.5297,1484.5471698113208,Onion
80,1079.6528276278614,1093.9210025870827,380.5087829573817,1078.8196803129576,1167.5227262887518,1132.6123,1471.877300613497,Onion
81,1079.3292658453024,1096.9515605969254,507.71574486864586,1075.6807610905719,1169.8134921788405,1132.5297,1465.5849056603774,Onion
82,1081.0466408010127,1099.515430891621,874.623119971795,1085.446362791887,1171.321767564091,1132.6123,1469.1635220125786,Onion
83,1067.253605116532,1097.9065772072547,1036.5294696979126,1096.8960335219826,1170.9491655449926,1132.6123,1488.8783783783783,Onion
84,1069.451814462662,1098.889563339144,839.633366306492,1135.7664320111987,1170.6481544929736,1132.6123,1482.7105263157894,Onion
85,1077.8277782607036,1110.7675196237333,669.606600827161,1104.1300086008707,1170.8044777427117,1132.944,1470.566037735849,Onion
86,1065.4890101506562,1107.586913013862,934.7328561696395,1091.5990988499952,1170.5323911099288,1132.8613,1475.8544303797469,Onion
87,1074.4822810601083,1114.4355873408667,853.4097462557853,1116.6490226488227,1169.452530435978,1132.8613,1495.5563909774437,Onion
88,1074.3384594316426,1118.7786709970137,612.8997096494269,1120.303132492605,1170.1058546600746,1132.8613,1466.482142857143,Onion
89,1082.9092159159352,1119.0742003394012,510.72223117207,1131.3631191007673,1170.4823909314755,1132.944,1485.7103448275861,Onion
90,1067.3865042379707,1115.9732881598677,1031.5251897209969,1098.6333172985917,1170.6642944991245,1132.944,1476.3649635036497,Onion
91,1069.4497226017324,1115.8466478414762,1206.136617229485,1110.459111547594,1170.7084780661207,1132.6744,1480.5875,Onion
92,1065.1790371096706,1115.3621919018394,1083.6428871667663,1093.1817994711557,1170.7821421276476,1132.944,1490.9736842105262,Onion
93,1059.9906032596896,1115.9449155476445,904.9669044293867,1107.4354047955758,1170.7617792244218,1132.944,1493.6291390728477,Onion
94,1071.0984801125753,1121.6032177634243,1259.5169970152715,1124.4074589204217,1171.2255551805486,1132.944,1498.9622641509434,Onion
95,1058.5816796821343,1111.1733829459922,1997.0298164064952,1123.9570548248612,1170.3899546909154,1132.944,1494.595744680851,Onion
96,1073.4916215115543,1119.9929296593991,1724.557908085365,1138.5965687523249,1171.4233411891,1132.944,1509.85,Onion
97,1082.0629991434328,1124.9294092608404,991.367650540061,1144.0667196167738,1171.1472823636293,1132.944,1495.1972789115646,Onion
98,1096.1418688859112,1121.7991378257243,342.84333223792,1132.009846219026,1171.1269194604035,1132.944,1502.4679487179487,Onion
99,1087.5645295806855,1125.1412826757276,-863.5694555230589,1118.2519605490666,1170.2966788140127,1132.944,1534.86301369863,Onion
100,1092.371871978284,1128.1612759520217,-259.14607804439675,1127.701183181605,1171.171997751297,1133.2557,1514.8666666666666,Onion
101,1092.168059953187,1129.4443920227056,-162.53377956405467,1122.9614358523788,1170.2210167288865,1133.1371,1547.3381294964029,Onion
102,1105.152231309205,1126.1258880204014,-340.3726741794918,1152.9607914819524,1170.3200768373574,1133.1371,1536.7064220183486,Onion
103,1110.633980085853,1131.0437729584985,-284.73101225468463,1121.4707527796465,1171.23353502837,1133.1371,1571.6339869281046,Onion
104,1125.6295807113956,1145.717640851378,217.30837659966886,1162.7738222384285,1171.23353502837,1133.1371,1612.8260869565217,Onion
105,1128.5051432527164,1134.2862782939105,927.1588518783524,1156.8143702092382,1170.293796218041,1133.1371,1678.9160839160838,Onion
106,1122.457320366445,1133.5033233003976,872.8607277697746,1154.730744918118,1171.1215791889676,1133.1371,1705.6382978723404,Onion
107,1124.0541696000223,1140.1646216085635,515.4893874315619,1176.0004589505472,1171.23353502837,1133.1371,1740.378205128205,Onion
108,1133.7889583052834,1145.9946803877444,442.2234834372643,1153.4218577608417,1170.293796218041,1133.1371,1782.4859154929577,Onion
109,1124.540574858008,1146.9543163350982,115.28656441309562,1176.0687120246544,1170.293796218041,1133.1371,1789.862745098039,Onion
110,1139.2238217405052,1156.7550564250375,-125.25962986818655,1139.4184261459604,1171.118696592996,1133.1371,1876.0275862068966,Onion
111,1131.2560546074037,1160.440870202431,3.7722130211247986,1150.6536930588095,1171.118696592996,1133.1371,1867.13698630137,Onion
112,1143.4789171059342,1163.9321461660923,506.3388229616021,1137.8692897108772,1170.293796218041,1133.1371,1939.5,Onion
113,1120.6784544191637,1158.314551356352,760.8270385890157,1143.3841917056207,1170.9310786684678,1133.1371,1939.7702702702702,Onion
114,1131.8319457106782,1160.2859596519777,647.8066946131587,1174.451898960977,1171.118696592996,1133.1371,1952.5625,Onion
115,1135.3835092486383,1170.7332678896576,320.5346545320069,1149.7876212121773,1170.9310786684678,1133.1371,1961.620253164557,Onion
116,1128.4186979631706,1165.7744364486573,655.8723668373203,1166.6816018280622,1171.0459171038417,1133.1371,1897.704081632653,Onion
117,1140.1223644857487,1173.5113369980384,487.1447866875013,1175.2403941785988,1171.23353502837,1133.1371,1971.3013698630136,Onion
118,1149.3139763917766,1178.6374649575073,202.5446301261068,1170.9001764612963,1171.23353502837,1133.1371,1974.3466666666666,Onion
119,1168.871045586522,1177.3592544151563,15.126319073056436,1191.057542667629,1171.0459171038417,1133.1371,1986.4545454545455,Onion
120,1147.1859747988738,1170.4252916657558,667.4111582865955,1155.215500521692,1171.23353502837,1133.1371,1931.7543859649122,Onion
121,1149.0936036774938,1175.3337551824693,873.5932040506289,1175.2800863578314,1171.23353502837,1133.1371,1962.8027210884354,Onion
122,1154.3628481226153,1174.2501164527353,886.2889082543169,1143.185812771883,1170.2210167288865,1133.1371,1971.9407894736842,Onion
123,1153.0034846276192,1175.9600365079336,721.6325446648938,1163.7078406736334,1170.2181341329149,1133.1371,1936.8947368421052,Onion
124,1163.3139468229792,1182.6804957781374,1081.341125730581,1192.14456430083,1171.2306524323983,1133.1371,1955.1986754966888,Onion
125,1158.0300061262794,1173.8212525074289,2005.4933183490714,1174.3062512841307,1170.4057520574431,1133.1371,1960.0620689655173,Onion
126,1172.538214369563,1180.9324255074034,1959.6444357008756,1177.5174111780595,1170.2181341329149,1133.1371,1983.8357142857142,Onion
127,1175.3994898968517,1188.3106448864555,1130.4788454961977,1186.1912579155048,1171.2306524323983,1133.1371,1959.7985074626865,Onion
128,1188.1736653592607,1185.2954561411066,26.62101366087893,1165.043832516532,1171.2306524323983,1133.1371,1969.371951219512,Onion
129,1182.3384022670566,1192.825232394316,-2737.5350537026357,1171.8415612935955,1170.854656819348,1133.1371,1966.0625,Onion
130,1181.5233561251432,1197.2587773470304,-2565.0342050244976,1157.3609616739693,1171.679557194303,1133.1371,1961.3063063063064,Onion
131,1182.9145739395278,1201.5805622262328,-1533.237710982351,1181.882190452753,1171.5575422689299,1133.1371,1962.2356687898089,Onion
132,1185.5546123838835,1197.7837604647175,-1266.8143256724761,1201.9855186380894,1170.732641893975,1133.1371,1954.8648648648648,Onion
133,1195.7821396367096,1201.083124153361,-1239.99965858101,1167.1815889133895,1170.215564779547,1133.1371,1939.6564885496184,Onion
134,1209.0101242723936,1219.796208415496,-294.65411817126,1203.6334846057423,1171.5575422689299,1133.1371,1945.7088607594937,Onion
135,1206.3856558944221,1210.5295405008033,523.0457206774815,1177.0713058899653,1170.3375797049202,1133.1371,1946.4177215189873,Onion
136,1207.413216621787,1207.2869637524257,619.1682592369342,1169.9648420488893,1170.0279468550189,1133.1371,1937.8301886792453,Onion
137,1202.822316378619,1217.8243541411807,261.5699456191061,1210.447080132683,1170.8528472299738,1133.1371,1925.5049504950496,Onion
138,1209.5759887630034,1223.6387045696247,-9.426794186004827,1156.8868504229395,1171.0404651545023,1133.1371,1938.5855263157894,Onion
139,1202.356648443355,1228.8419814063288,-619.2742048462337,1209.010428125735,1170.0279468550189,1133.1371,1910.1012658227849,Onion
140,1214.6530702598893,1238.6877794621914,-1011.770844904935,1158.1086750872705,1170.8528472299738,1133.1371,1943.9666666666667,Onion
141,1204.7839448676411,1245.3343626786661,-954.8760617010346,1158.6797006306308,1171.0404651545023,1133.1371,1921.5886075949368,Onion
142,1213.985123929362,1251.3230846175386,-272.39418199732626,1155.0260949895421,1171.0404651545023,1133.1371,1925.6969696969697,Onion
143,1192.746441196255,1246.648526852419,181.88283536210162,1164.2468479522222,1170.8528472299738,1133.1371,1927.248275862069,Onion
144,1197.9828609504505,1249.8351449838271,334.03670230175567,1203.096017646133,1171.0404651545023,1133.1371,1917.8526315789475,Onion
145,1207.1307442705097,1262.8976890138692,-261.5230996799852,1161.2395238631734,1171.0404651545023,1133.1371,1894.3962264150944,Onion
146,1194.6657631420082,1256.2398017226958,-81.71304892900142,1174.6785088606491,1170.8528472299738,1133.1371,1906.655844155844,Onion
147,1202.1214450207208,1265.5105734874624,-307.3006850941273,1192.460150240853,1170.8528472299738,1133.1371,1906.4109589041095,Onion
148,1208.0618749141256,1271.6583774205594,-608.5769999137858,1179.027754262033,1170.9972419002881,1133.1371,1923.8382352941176,Onion
149,1222.697190767714,1274.183613719425,-796.0255534064294,1213.5803059863636,1170.8096239757597,1133.1371,1935.142857142857,Onion
150,1212.921034004899,1266.48961820752,100.39773782202462,1186.2693654963837,1170.8096239757597,1133.1371,1925.6993006993007,Onion
151,1215.8373820387228,1276.3828445054162,278.58501488385974,1192.3761407692646,1170.9972419002881,1133.1371,1870.4545454545455,Onion
152,1213.8330524835762,1275.0456839806893,512.603069171742,1173.94263357631,1170.9972419002881,1133.1371,1931.288,Onion
153,1215.264438936422,1291.4140219109972,516.594518154603,1204.1864162101042,1170.8096239757597,1133.1371,1925.1858974358975,Onion
154,1220.1448919114562,1304.7308866135174,812.3725787470391,1230.1663557911068,1170.9972419002881,1133.1371,1942.458064516129,Onion
155,1214.8979535873425,1296.3292991184026,2008.1726224365632,1227.4999091228246,1170.9972419002881,1133.1371,1944.2420382165606,Onion
156,1230.3578030779556,1309.8308279066794,2190.954236901379,1242.1134116888552,1170.9972419002881,1133.1371,1964.4753086419753,Onion
157,1230.6714889868126,1330.4156873450593,1638.7001285282909,1249.712505722303,1171.0505430585893,1133.1371,1998.3312101910828,Onion
158,1244.438883488468,1332.9706893438188,-371.41565185445734,1222.4804236791877,1171.0505430585893,1133.1371,1973.7837837837837,Onion
159,1233.6243716193812,1343.1409655279324,-5356.3899662685035,1252.5563906018044,1171.0505430585893,1133.1371,1996.2147651006712,Onion
160,1234.6144475705592,1356.0289985230716,-6810.64382398183,1262.027313655844,1171.0505430585893,1133.1371,2015.8726114649683,Onion
161,1233.4300679491814,1373.3737962143332,-4697.425826325425,1265.0181533690493,1170.9972419002881,1133.1371,2016.9102564102564,Onion
162,1237.0811824652537,1373.4612736773536,-3084.707804117746,1301.242933609809,1171.0505430585893,1133.1371,2013.8064516129032,Onion
163,1248.3607784649755,1382.6161917910667,-3123.583668566023,1268.0998545751368,1171.0505430585893,1133.1371,2031.9805194805194,Onion
164,1264.7200895679043,1412.8728728188357,-1483.813998127849,1307.7913093140892,1171.0505430585893,1133.1371,2033.2898550724638,Onion
165,1264.0539032710155,1408.6645108415792,-453.02661292468713,1287.53138041647,1171.0505430585893,1133.1371,2014.1386138613861,Onion
166,1267.5224415591497,1401.6562994876385,-61.10511405124453,1303.9054980745943,1171.0505430585893,1133.1371,2027.2955974842766,Onion
167,1260.187029612438,1419.8632036658287,-148.27269889253648,1347.762928680941,1171.0505430585893,1133.1371,2036.3311688311687,Onion
168,1272.881022733447,1433.2519042106903,-831.5556549798699,1310.1451691225238,1171.0505430585893,1133.1371,2063.4166666666665,Onion
169,1265.4795262443938,1443.5306053593379,-1999.4980403598877,1342.973570695985,1171.0505430585893,1133.1371,2086.2101910828023,Onion
170,1288.738824756255,1452.960870615427,-2832.0328603575226,1311.270079433148,1171.0505430585893,1133.1371,2071.7628205128203,Onion
171,1282.0712323227854,1464.7784958302873,-2848.682218241548,1303.8047049266738,1171.0505430585893,1133.1371,2088.691275167785,Onion
172,1298.5317157120153,1476.1333516714517,-1789.1768917050686,1296.1793767532913,1171.0505430585893,1133.1371,2146.8630136986303,Onion
173,1275.82080063536,1472.029377135614,-1023.9761065519247,1340.92264366126,1171.0505430585893,1133.1371,2117.450704225352,Onion
174,1290.8188579921627,1480.1560517101325,-698.490165233191,1355.3218113356102,1171.0505430585893,1133.1371,2164.8863636363635,Onion
175,1298.7678256718632,1500.6012093762556,-1455.85773936994,1324.8429444471094,1171.0505430585893,1133.1371,2212.9261744966443,Onion
176,1295.9466080255124,1494.3741575271565,-1719.8642443410254,1327.059551761371,1171.0505430585893,1133.1371,2281.0333333333333,Onion
177,1307.4620329210077,1508.491947211247,-1938.3054766287994,1364.5343260805219,1171.0505430585893,1133.1371,2574.240506329114,Onion
178,1321.165205170225,1521.363509645937,-2127.2141842138153,1358.942344910623,1171.0505430585893,1133.1371,2834.3835616438355,Onion
179,1339.910253476587,1527.3416955183145,-2166.1747592346974,1402.7198776793987,1171.0505430585893,1133.1371,3078.057142857143,Onion
180,1338.1882135228102,1527.6846337522725,-1061.2204340447718,1391.6788695220705,1171.0505430585893,1133.1371,3286.6315789473683,Onion
181,1332.6425757068707,1540.4278002580897,-839.8860430396766,1394.5029523034896,1171.0505430585893,1133.1371,3568.6029411764707,Onion
182,1347.9227468292675,1540.449349090494,-317.61181711628336,1374.2970743010644,1171.0505430585893,1133.1371,3679.351145038168,Onion
183,1369.5526269394181,1559.6177089054388,151.92128705942895,1397.4359496899729,1171.0505430585893,1133.1371,3788.265306122449,Onion
184,1387.9068855257033,1569.2334233709223,547.139662615957,1441.104088983209,1171.0505430585893,1133.1371,3801.5779220779223,Onion
185,1367.1403521305988,1552.9647003764264,2089.2306483518573,1450.938206503084,1171.0505430585893,1133.1371,3781.843137254902,Onion
186,1400.1300542413044,1571.7430956472356,2573.3741874865027,1455.7114891238305,1171.0505430585893,1133.1371,3740.7395833333335,Onion
187,1395.3666391268134,1594.2219163352556,2455.5970016292613,1498.9743290251427,1171.0505430585893,1133.1371,3715.7094594594596,Onion
188,1437.4278255935092,1593.6697912364414,-493.5815001798421,1453.320462726112,1171.0505430585893,1133.1371,3676.052287581699,Onion
189,1428.185470674112,1597.9717214547627,-8884.83355154542,1512.1649858077626,1171.0505430585893,1133.1371,3652.695945945946,Onion
190,1439.5733348509486,1605.6800558108866,-13702.895063895361,1537.9973597059775,1171.0505430585893,1133.1371,3606.0945945945946,Onion
191,1451.9661186380074,1625.2615713038351,-11936.268248243547,1538.5082381276986,1171.0505430585893,1133.1371,3618.1944444444443,Onion
192,1462.6850707357196,1625.0065148911606,-7823.193709085202,1586.8474409345074,1171.0505430585893,1133.1371,3567.904255319149,Onion
193,1481.191307560763,1636.7466178407942,-6686.794586399637,1540.8708485073528,1171.0505430585893,1133.1371,3599.1509433962265,Onion
194,1506.1298639010322,1679.5558252872902,-4240.163033981115,1608.5530815449558,1171.0505430585893,1133.1371,3590.3125,Onion
195,1516.5378253626345,1667.4237773998834,-2587.674118862047,1585.817615127023,1171.0505430585893,1133.1371,3585.6525423728813,Onion
196,1518.9065477732006,1666.036622188829,-1608.9894002718906,1594.5953631209072,1171.0505430585893,1133.1371,3562.2755905511813,Onion
197,1506.5401624250303,1690.1623789969424,-784.8710250294914,1647.5644573300601,1171.0505430585893,1133.1371,3540.947712418301,Onion
198,1539.0268505268457,1720.1665331078689,-2124.552149643044,1616.184448070937,1171.0505430585893,1133.1371,3505.2193548387095,Onion
199,1553.8676818084032,1739.3077526287102,-4279.38425422838,1646.6648645080593,1171.0505430585893,1133.1371,3499.24,Onion
200,1603.2383224749274,1767.5319441523106,-6276.497461088407,1604.593287182186,1171.0505430585893,1133.1371,3517.5392156862745,Onion
201,1586.3914717530338,1792.8513224894318,-6784.899501217196,1630.2081254195737,1171.0505430585893,1133.1371,3492.0387096774193,Onion
202,1619.0314546665506,1821.6176491496271,-4935.553088942421,1614.8744365045868,1171.0505430585893,1133.1371,3501.7615894039736,Onion
203,1592.3779879303056,1826.6793070679623,-3416.5238660379423,1634.6413302957642,1171.0505430585893,1133.1371,3447.366666666667,Onion
204,1635.7641752269487,1846.1561870958826,-2732.45845301572,1658.492795282245,1171.0505430585893,1133.1371,3456.793103448276,Onion
205,1634.2786296279496,1893.631504375678,-3892.784700536165,1643.5982906969698,1171.0505430585893,1133.1371,3437.5174825174827,Onion
206,1633.268823929318,1902.4565475264892,-4915.587153273331,1654.5360480001405,1171.0505430585893,1133.1371,3451.5479452054797,Onion
207,1623.9119436641936,1938.3718907315574,-5275.338420328557,1680.3029874258282,1171.0505430585893,1133.1371,3396.346153846154,Onion
208,1642.8969530658328,1969.6724533488089,-5029.061255580715,1684.2358599447984,1171.0505430585893,1133.1371,3336.8962962962964,Onion
209,1666.0355858464095,1999.910919801639,-4806.075056253535,1746.309659781385,1171.0505430585893,1133.1371,3365.503267973856,Onion
210,1673.9943721850505,2085.3048490651236,-3289.1983158125468,1687.1285809388578,1171.0505430585893,1133.1371,3388.8255033557048,Onion
211,1661.5481580630196,2150.744864546983,-3005.65681599042,1703.3558639919274,1171.0505430585893,1133.1371,3389.6013513513512,Onion
212,1676.2658252341685,2184.647231653931,-2061.4954119434587,1659.8871420379544,1171.0505430585893,1133.1371,3386.6969696969695,Onion
213,1668.4229026219282,2264.7116360771847,-802.788966018984,1702.2625511268911,1171.0505430585893,1133.1371,3350.551948051948,Onion
214,1698.6447764851785,2313.2701770040053,212.4989456713788,1742.088381009801,1171.0505430585893,1133.1371,3337.9901960784314,Onion
215,1670.7547360859971,2306.0356701321807,1869.015613638598,1760.1699118604693,1171.0505430585893,1133.1371,3338.953020134228,Onion
216,1703.28433297916,2365.0701589927667,3253.821992379037,1759.8160050299362,1171.0505430585893,1133.1371,3369.7278911564626,Onion
217,1686.2512220489764,2438.334667046497,3659.44247088086,1802.5679288647682,1171.0505430585893,1133.1371,3360.5442176870747,Onion
218,1719.8143354878612,2481.1387256514236,-408.4793047417079,1777.788195138101,1171.0505430585893,1133.1371,3295.5228758169933,Onion
219,1689.5978146177436,2528.1318616861427,-13445.939127528696,1853.783009832856,1171.0505430585893,1133.1371,3312.7875,Onion
220,1704.0006797785163,2562.087956678182,-24534.489259509777,1909.0483713985996,1171.0505430585893,1133.1371,3292.7985074626868,Onion
221,1724.1358881939059,2616.6144400288867,-26651.65164986159,1909.389761884399,1171.0505430585893,1133.1371,3287.783505154639,Onion
222,1706.4635849735575,2632.3961647147453,-18463.28966034378,2004.1464039044527,1171.0505430585893,1133.1371,3199.6938775510203,Onion
223,1743.1809704366656,2648.19075459454,-13590.737703303337,1990.134516455857,1171.0505430585893,1133.1371,3118.6305732484075,Onion
224,1777.2725326383418,2743.2528568421217,-9914.543522958167,2080.8835298667723,1171.0505430585893,1133.1371,2986.0354609929077,Onion
225,1774.727989348688,2736.5790691856637,-6997.883450524585,2079.455755778499,1171.0505430585893,1133.1371,2933.7482993197277,Onion
226,1798.4773594552903,2723.0068050304317,-4677.239971440958,2084.9853989653143,1171.0505430585893,1133.1371,2837.435064935065,Onion
227,1770.272435407485,2751.6707178467827,-2297.6438221552335,2173.137672271033,1171.0505430585893,1133.1371,2725.9666666666667,Onion
228,1813.2958728503152,2762.142414761985,-4284.510700258528,2157.2477420550276,1171.0505430585893,1133.1371,2544.0776699029125,Onion
229,1838.1523327809718,2762.943937516586,-8280.917804913024,2221.4745387574826,1171.0505430585893,1133.1371,2552.3469387755104,Onion
230,1890.14738920661,2762.8611179918985,-12771.544002230517,2186.8668113640847,1171.0505430585893,1133.1371,2502.0486111111113,Onion
231,1899.0909506185342,2813.5844505273635,-14831.071423990164,2255.534685358117,1171.0505430585893,1133.1371,2463.987012987013,Onion
232,1931.45044290204,2831.3217353967734,-11640.651233906505,2272.416853366223,1171.0505430585893,1133.1371,2384.6838709677418,Onion
233,1934.5601693466272,2855.5810406963724,-8406.707437888821,2311.9399502475158,1171.0505430585893,1133.1371,2366.5471698113206,Onion
234,1971.8608754184456,2880.1319039769733,-6808.725671302463,2350.774862633686,1171.0505430585893,1133.1371,2311.6778523489934,Onion
235,2002.457299361918,2977.649867016763,-8622.535650771428,2375.3213776991274,1171.0505430585893,1133.1371,2246.4262295081967,Onion
236,2022.7164996096053,2993.2022719635524,-10891.746951912248,2408.2949756835073,1171.0505430585893,1133.1371,2322.8125,Onion
237,2019.994659327779,3048.9119890671113,-12029.277930011232,2451.144598413499,1171.0505430585893,1133.1371,2178.9662162162163,Onion
238,2068.47720719127,3127.1506478241645,-11112.052184738384,2519.988544999332,1171.0505430585893,1133.1371,2134.5486111111113,Onion
239,2074.5345004123647,3196.1352632660437,-9943.787976762595,2560.268478825522,1171.0505430585893,1133.1371,2048.2733333333335,Onion
240,2195.7945486495637,3348.2898445374567,-7627.346765811697,2499.744003086208,1171.0505430585893,1133.1371,2001.08125,Onion
241,2165.0370645740536,3513.4367482836083,-7386.947383032766,2543.2204009483753,1171.0505430585893,1133.1371,1980.657894736842,Onion
242,2263.9986923316933,3644.475050865872,-5386.932264842566,2508.5385670539113,1171.0505430585893,1133.1371,1956.6304347826087,Onion
243,2291.633647240915,3851.8179856706697,-3245.7910035962113,2588.0854438032543,1171.0505430585893,1133.1371,1877.8059701492537,Onion
244,2375.598322925015,4047.3052394775314,-764.9430695166884,2619.1401506623924,1171.0505430585893,1133.1371,1895.3357142857142,Onion
245,2332.9920370184104,4145.232285844707,1564.0718913158644,2658.7803068552457,1171.0505430585893,1133.1371,1953.3239436619717,Onion
246,2502.2858877595013,4277.371244844001,4040.7883460402973,2742.0497373358785,1171.0505430585893,1133.1371,1972.6143790849674,Onion
247,2481.459674196219,4399.691905876717,5012.052529763543,2812.609414664049,1171.0505430585893,1133.1371,1971.5733333333333,Onion
248,2647.696036964114,4453.29472544836,44.135898856388394,2814.0145208110685,1171.0505430585893,1133.1371,1930.5724137931034,Onion
249,2590.140975575735,4503.498878809948,-19504.030869000522,2966.420366059523,1171.0505430585893,1133.1371,1901.0752688172042,Onion
250,2640.8130802486176,4549.400824922807,-41163.856174490924,3076.161730707382,1171.0505430585893,1133.1371,1923.9805194805194,Onion
251,2666.996198991208,4609.7253836694945,-54194.62202832037,3134.3565614311037,1171.0505430585893,1133.1371,1932.241134751773,Onion
252,2712.869747476563,4547.154579680078,-41232.775155012314,3310.1088667227245,1171.0505430585893,1133.1371,1907.9496402877699,Onion
253,2767.5075935219875,4522.5447995538625,-26812.749994589958,3303.2193792932912,1171.0505430585893,1133.1371,1909.0645161290322,Onion
254,2863.9157848478417,4473.286097063023,-22422.161812743638,3484.4627972196213,1171.0505430585893,1133.1371,1881.0206896551724,Onion
255,2840.735918708696,4430.584822290423,-15937.250247218362,3596.8342733570053,1171.0505430585893,1133.1371,1871.68,Onion
256,2893.4878896569107,4334.52749117096,-12153.263066047986,3608.74407324335,1171.0505430585893,1133.1371,1903.876404494382,Onion
257,2800.9324797728605,4320.8809993468,-5785.320794170196,3729.1993065919614,1171.0505430585893,1133.1371,1904.2357142857143,Onion
258,2943.4189088306784,4313.873941186152,-8013.002319155444,3800.2224521025564,1171.0505430585893,1133.1371,1892.591836734694,Onion
259,2938.6125805592137,4222.244513637723,-15326.86592142174,3923.3386457591623,1171.0505430585893,1133.1371,1910.1363636363637,Onion
260,3096.0487269085515,4166.9233555189885,-23756.141375924853,3849.1080077501947,1171.0505430585893,1133.1371,1885.687074829932,Onion
261,3069.6067994311043,4102.5284272870795,-30539.550655805062,3962.452075040572,1171.0505430585893,1133.1371,1882.1741935483872,Onion
262,3243.489353495424,4074.8092274933065,-25926.419637440707,4007.7489178106575,1171.0505430585893,1133.1371,1872.659574468085,Onion
263,3195.816244634677,4032.856838949922,-18989.207268595183,4119.426906984326,1171.0505430585893,1133.1371,1874.5833333333333,Onion
264,3408.8350412895406,3965.593859382798,-15231.98513906546,4157.595986980161,1171.0505430585893,1133.1371,1887.5873015873017,Onion
265,3480.2392270607606,4005.686699934091,-16978.84933412309,4226.150530497966,1171.0505430585893,1133.1371,1871.0202702702702,Onion
266,3599.7630550733265,3929.0888589896244,-22138.592198166458,4211.411401047806,1171.0505430585893,1133.1371,1881.9507042253522,Onion
267,3662.650245114968,3896.89862115408,-25369.582958057832,4319.430003534935,1171.0505430585893,1133.1371,1826.4356435643565,Onion
268,3810.211898991348,3877.7539058033235,-23893.050611412196,4307.145446141554,1171.0505430585893,1133.1371,1863.0434782608695,Onion
269,3922.8929138857065,3879.30430561697,-20390.799346642132,4354.2110309120635,1171.0505430585893,1133.1371,1829.5405405405406,Onion
270,4043.228095240791,4015.5264590598854,-16574.237894116264,4190.593117694691,1171.0505430585893,1133.1371,1783.0679611650485,Onion
271,4139.713552053898,3960.5742637338526,-15628.227987885984,4182.621385807299,1171.0505430585893,1133.1371,1784.904761904762,Onion
272,4223.601843213209,3929.927591595163,-12141.847420341146,4116.555889813615,1171.0505430585893,1133.1371,1779.5945945945946,Onion
273,4347.239266017708,3896.523205146702,-8662.978456421713,4124.235676728241,1171.0505430585893,1133.1371,1767.5642857142857,Onion
274,4407.742104303016,3890.8853463135047,-3379.3763420175173,4113.787694221668,1171.0505430585893,1133.1371,1741.9185185185186,Onion
275,4393.540055034275,3842.417744696695,499.58390570386837,4139.994174377144,1171.0505430585893,1133.1371,1714.683870967742,Onion
276,4491.751522096547,3834.9105187820137,4370.235931382438,4128.543394340152,1171.0505430585893,1133.1371,1655.0394736842106,Onion
277,4433.041076431865,3833.1621797311827,6356.855966788732,4070.000236849222,1171.0505430585893,1133.1371,1636.276595744681,Onion
278,4580.878706984231,3829.5602380380487,460.7547331752826,4004.4987416884956,1171.0505430585893,1133.1371,1643.7266666666667,Onion
279,4479.116366090425,3827.4990678358567,-27997.86862260856,4006.2618481531704,1171.0505430585893,1133.1371,1618.2818791946308,Onion
280,4440.704368042061,3835.1692096339943,-66071.71211781552,3961.6231864821916,1171.0505430585893,1133.1371,1629.4097222222222,Onion
281,4506.513077727676,3858.767290984407,-102102.92349822095,4005.125519050104,1171.0505430585893,1133.1371,1618.2291666666667,Onion
282,4368.744387077629,3878.5729570246585,-88312.28649836409,4015.672163112952,1171.0505430585893,1133.1371,1570.0065789473683,Onion
283,4463.582490687846,3908.9368193929668,-54814.56815543822,3958.391645928602,1171.0505430585893,1133.1371,1558.2720588235295,Onion
284,4452.674929421113,3965.770452583345,-46440.7418358132,3957.5838357602547,1171.0505430585893,1133.1371,1563.4901960784314,Onion
285,4431.365598703949,4005.803122244273,-34110.1907696502,3942.949945036885,1171.0505430585893,1133.1371,1538.76,Onion
286,4394.726720963376,4038.7705702781313,-27025.54210922328,3801.6553211784662,1171.0505430585893,1133.1371,1532.36,Onion
287,4283.042299501532,4086.682847339779,-14503.491702423751,3961.105957012759,1171.0505430585893,1133.1371,1512.0689655172414,Onion
288,4283.235032147176,4140.084868487472,-14074.198103126722,3874.576156643995,1171.0505430585893,1133.1371,1487.8041958041958,Onion
289,4271.463653511208,4162.083632227499,-26755.510421243096,3862.8598668369136,1171.0505430585893,1133.1371,1505.7870967741935,Onion
290,4350.35035668042,4202.709319360491,-41441.34823973832,3783.2780111941847,1171.0505430585893,1133.1371,1507.876712328767,Onion
291,4280.0548412152575,4199.191368864771,-59717.60351146602,3841.8556928505045,1171.0505430585893,1133.1371,1493.701923076923,Onion
292,4277.893006118562,4230.358195741398,-55863.62621900463,3820.1020545654383,1171.0505430585893,1133.1371,1507.6538461538462,Onion
293,4207.8450146320565,4226.242105812701,-42770.92047803753,3832.917823305693,1171.0505430585893,1133.1371,1521.3986928104575,Onion
294,4196.467185969517,4211.013761585477,-32541.825878537802,3866.3385873077377,1171.0505430585893,1133.1371,1525.506329113924,Onion
295,4230.524837470663,4216.1097795061005,-32313.633648358118,3889.1782985207765,1171.0505430585893,1133.1371,1568.8108108108108,Onion
296,4144.0607115492885,4159.638100251579,-41997.24436136792,3990.453947940573,1171.0505430585893,1133.1371,1579.3037974683543,Onion
297,4146.010142055699,4125.870972648226,-50817.93135210805,3931.679579881397,1171.0505430585893,1133.1371,1597.9235668789809,Onion
298,4106.716300783458,4096.194466505178,-49468.86142267156,4006.3637919580133,1171.0505430585893,1133.1371,1615.2474226804125,Onion
299,4180.363055372305,4091.2828135936184,-41495.5022419657,4091.7697258315543,1171.0505430585893,1133.1371,1607.609271523179,Onion
300,4051.2672877003524,4176.000867936769,-33938.55064479444,4149.948963633991,1171.0505430585893,1133.1371,1637.891156462585,Onion
301,3980.220584369245,4186.432067873368,-30591.543694573855,4257.469599189228,1171.0505430585893,1133.1371,1631.25,Onion
302,4034.35778368195,4156.7428324424845,-26419.731212211496,4202.390236939716,1171.0505430585893,1133.1371,1645.7762237762238,Onion
303,4045.2340975778716,4143.535733518383,-20614.47708412885,4429.803475167433,1171.0505430585893,1133.1371,1648.1793103448276,Onion
304,4119.72177331066,4147.338275026751,-10378.636326661683,4522.460979095433,1171.0505430585893,1133.1371,1699.4444444444443,Onion
305,4081.6829782133327,4094.14490709111,-2140.413629213903,4606.201655992508,1171.0505430585893,1133.1371,1692.7894736842106,Onion
306,4199.781975742479,4077.2980609698534,3600.4906096162176,4736.499019579625,1171.0505430585893,1133.1371,1709.1554054054054,Onion
307,4168.42635958226,4083.8221192787164,7049.429530793484,4808.291579126947,1171.0505430585893,1133.1371,1720.921052631579,Onion
308,4362.773759172487,4109.837420144975,202.8432985201016,4767.147680025992,1171.0505430585893,1133.1371,1753.2818791946308,Onion
309,4376.164889207217,4117.404540349453,-39588.47226381314,4835.427337242885,1171.0505430585893,1133.1371,1743.0743243243244,Onion
310,4446.816226116304,4145.450869276336,-102786.6479688176,4944.696951015452,1171.0505430585893,1133.1371,1738.3309352517986,Onion
311,4513.276215432901,4194.453281016813,-179924.31278284075,5009.440256943308,1171.0505430585893,1133.1371,1758.03125,Onion
312,4557.614581935998,4185.692865850247,-178595.81106765408,5059.860151736457,1171.0505430585893,1133.1371,1805.2111111111112,Onion
313,4684.485190961472,4206.46970119512,-117329.71670164024,4925.595638535327,1171.0505430585893,1133.1371,1802.0882352941176,Onion
314,4751.409125862591,4291.966260638972,-92914.84434066828,5153.7260841984025,1171.0505430585893,1133.1371,1794.9871794871794,Onion
315,4803.5077373450395,4346.228653651248,-70894.8871598568,5157.80632534087,1171.0505430585893,1133.1371,1829.1190476190477,Onion
316,4880.047620249375,4394.082707003272,-56328.886156857625,5084.0593749109985,1171.0505430585893,1133.1371,1824.8066666666666,Onion
317,4810.574665865646,4479.018786215042,-34714.983429300744,5088.751912765356,1171.0505430585893,1133.1371,1842.5118110236222,Onion
318,4914.537346698926,4587.951497209077,-25402.049566789086,5105.58557039915,1171.0505430585893,1133.1371,1869.3666666666666,Onion
319,4928.601062783036,4616.071145370438,-45196.3641760523,5179.804894680924,1171.0505430585893,1133.1371,1847.1960784313726,Onion
320,5040.061136099646,4655.985925939322,-71072.43927392334,5011.834138144217,1171.0505430585893,1133.1371,1861.5243902439024,Onion
321,4999.675496375621,4707.300567321967,-112677.59190823018,5054.353147243494,1171.0505430585893,1133.1371,1849.43949044586,Onion
322,5119.474430740828,4779.14981422364,-116757.09929562936,5072.923968909235,1171.0505430585893,1133.1371,1848.1210191082803,Onion
323,5054.842119066102,4794.489748188982,-93985.172045116,5203.129489090352,1171.0505430585893,1133.1371,1844.367088607595,Onion
324,5107.4145923361875,4839.298122639716,-68614.25935398386,5179.075196778771,1171.0505430585893,1133.1371,1827.4844720496894,Onion
325,5148.201260649248,4913.604511588069,-63800.43729810446,5228.398119202825,1171.0505430585893,1133.1371,1788.7662337662337,Onion
326,5100.210450418826,4906.283947242603,-76811.88294007845,5340.382593741864,1171.0505430585893,1133.1371,1818.9423076923076,Onion
327,5099.759431276969,4930.59625716017,-97906.35362039649,5406.038399465673,1171.0505430585893,1133.1371,1820.967741935484,Onion
328,5143.326800114479,4970.491678844114,-99509.97832585627,5564.742800149069,1171.0505430585893,1133.1371,1801.7518248175184,Onion
329,5178.256692476448,4990.465949464402,-85034.31861513428,5741.00233955118,1171.0505430585893,1133.1371,1802.316129032258,Onion
330,5141.515763359138,4867.162762695877,-68369.36328587586,5699.537060883302,1171.0505430585893,1133.1371,1800.4383561643835,Onion
331,5075.774493134404,4900.370092547286,-61159.27046211317,5822.635454257163,1171.0505430585893,1133.1371,1772.9,Onion
332,5201.235156803908,4922.417640364264,-56084.35768565173,5758.4951876467785,1171.0505430585893,1133.1371,1740.2077922077922,Onion
333,5199.5142575918435,4915.6581735415475,-45393.75244046401,5930.63610218583,1171.0505430585893,1133.1371,1750.340909090909,Onion
334,5315.979085290315,4947.622108447111,-27721.123270353062,6056.344527877921,1171.0505430585893,1133.1371,1777.857142857143,Onion
335,5254.65140829088,4934.58539189923,-8862.59670432263,6154.783205717212,1171.0505430585893,1133.1371,1730.4579439252336,Onion
336,5513.223932516454,4999.375940023032,352.8520194758603,6225.553782358285,1171.0505430585893,1133.1371,1741.0071942446043,Onion
337,5510.182282757918,4992.116063411114,6611.713868398794,6285.792602218364,1171.0505430585893,1133.1371,1723.972602739726,Onion
338,5841.337255739187,4965.03674009387,-3069.882790727179,6301.928442240822,1171.0505430585893,1133.1371,1699.7368421052631,Onion
339,5826.893634942699,5012.48827082376,-56032.79364241018,6355.594344669862,1171.0505430585893,1133.1371,1697.1724137931035,Onion
340,5936.012190828163,5021.440893209205,-157120.46278593276,6535.250749538832,1171.0505430585893,1133.1371,1677.106796116505,Onion
341,6061.1913927530795,5033.507117404953,-301822.6003979607,6536.872622534667,1171.0505430585893,1133.1371,1719.8666666666666,Onion
342,6169.363545296881,5033.053480936752,-343275.6943068649,6739.112240664751,1171.0505430585893,1133.1371,1712.8472222222222,Onion
343,6355.170893494311,5102.925839982732,-244036.01919936392,6606.989486527009,1171.0505430585893,1133.1371,1698.2666666666667,Onion
344,6506.924257496135,5111.719472334773,-180040.08632668105,6674.123180962663,1171.0505430585893,1133.1371,1684.5859375,Onion
345,6554.055885948542,5129.2557225381315,-146134.13546219494,6672.367821022072,1171.0505430585893,1133.1371,1679.5806451612902,Onion
346,6611.665573982775,5062.176191272946,-112507.49114586151,6657.443092014591,1171.0505430585893,1133.1371,1653.5454545454545,Onion
347,6521.698978991066,5031.681466380186,-76912.71191731731,6906.579173546061,1171.0505430585893,1133.1371,1671.1313131313132,Onion
348,6675.760777966296,5002.286593319534,-47392.84186411525,6881.302354321273,1171.0505430585893,1133.1371,1674.0816326530612,Onion
349,6679.455560982369,4904.756513517543,-76167.01190357779,6873.786694185363,1171.0505430585893,1133.1371,1689.6402877697842,Onion
350,6861.911400555029,4833.86584488616,-121653.79975475377,6729.4484291663985,1171.0505430585893,1133.1371,1671.0648148148148,Onion
351,6804.101169730377,4712.829122192991,-206512.3381181471,6807.283962555235,1171.0505430585893,1133.1371,1682.1014492753623,Onion
352,6906.154897465312,4653.720533943517,-233708.05499372305,6896.807103485304,1171.0505430585893,1133.1371,1688.6206896551723,Onion
353,6735.900099880462,4552.572876602923,-199591.20001376537,6886.168496108698,1171.0505430585893,1133.1371,1683.8280254777071,Onion
354,6934.536965249661,4467.9553876136015,-141085.32150225967,7015.355167104526,1171.0505430585893,1133.1371,1696.980198019802,Onion
355,6982.2136480803665,4443.266623153912,-128360.42996419956,6896.501283693891,1171.0505430585893,1133.1371,1677.9645390070923,Onion
356,7041.39287220287,4387.87218354483,-138172.16930994974,6962.076249943546,1171.0505430585893,1133.1371,1707.9810126582279,Onion
357,7032.88576719824,4358.34539930921,-183048.56829468702,7002.158072947805,1171.0505430585893,1133.1371,1711.1666666666667,Onion
358,7156.381671324421,4331.14037482529,-193829.39148272705,6997.16782734016,1171.0505430585893,1133.1371,1693.16875,Onion
359,7259.182748201596,4313.824041301754,-172367.4225340828,6804.770226261853,1171.0505430585893,1133.1371,1688.0454545454545,Onion
360,7196.720830856126,4148.577732695125,-138044.0483553336,6445.997517444116,1171.0505430585893,1133.1371,1695.5828220858896,Onion
361,7281.242718192407,4051.411127498395,-121999.77788677435,6338.495683290803,1171.0505430585893,1133.1371,1652.455357142857,Onion
362,7166.988689797238,4026.5525188102993,-113901.68727652653,5963.619368300642,1171.0505430585893,1133.1371,1680.2085889570553,Onion
363,7291.796757191314,3989.093797400982,-93157.0142920252,5939.56833004253,1171.0505430585893,1133.1371,1673.3517241379311,Onion
364,7270.492425379937,3960.635059616794,-64844.28461732298,5858.396203171719,1171.0505430585893,1133.1371,1673.7622377622379,Onion
365,7367.331376041449,3905.446537735063,-27711.366980840783,5604.046541851652,1171.0505430585893,1133.1371,1667.75625,Onion
366,7386.055277419353,3843.9537649996764,-9126.777326939653,5503.187562317505,1171.0505430585893,1133.1371,1649.111801242236,Onion
367,7403.235285387605,3823.500171671176,3155.290469372292,5391.134318937851,1171.0505430585893,1133.1371,1632.7055214723925,Onion
368,7425.370493391267,3766.1481929884303,-9626.059249261554,5078.596967834293,1171.0505430585893,1133.1371,1609.4954954954956,Onion
369,7487.320552845074,3726.763317237482,-84539.5246173137,4898.284335229984,1171.0505430585893,1133.1371,1637.7450980392157,Onion
370,7394.23363729064,3690.567328240387,-240117.3080146422,4912.0293028851,1171.0505430585893,1133.1371,1646.4,Onion
371,7466.995514233735,3662.9842041605343,-489466.4793174812,4716.329670345171,1171.0505430585893,1133.1371,1671.7515151515152,Onion
372,7223.285985929892,3612.0765182812306,-632296.2204940111,4787.193240898799,1171.0505430585893,1133.1371,1660.0299401197606,Onion
373,7202.492303257106,3555.6146595831706,-492045.78503523546,4708.938598893412,1171.0505430585893,1133.1371,1641.1144578313254,Onion
374,6914.825310894125,3563.276514553428,-344608.13026320125,4692.13514903671,1171.0505430585893,1133.1371,1611.8235294117646,Onion
375,6784.724549753915,3490.9135086485057,-293267.5082137355,4637.52157152361,1171.0505430585893,1133.1371,1613.8990825688074,Onion
376,6490.676213305643,3441.033236726912,-221960.94774130103,4486.337310942321,1171.0505430585893,1133.1371,1630.7338129496402,Onion
377,6309.203030876091,3424.851342482625,-169594.18397793552,4642.128489186482,1171.0505430585893,1133.1371,1620.2134146341464,Onion
378,6040.506309208226,3405.525159940888,-96178.54665659333,4320.241188102117,1171.0505430585893,1133.1371,1619.0191082802548,Onion
379,5985.692162343592,3377.1422202032727,-126289.23956283387,4474.660348478964,1171.0505430585893,1133.1371,1622.1296296296296,Onion
380,5811.881824063161,3365.6145544269702,-205344.39072213712,4262.863356650414,1171.0505430585893,1133.1371,1597.682634730539,Onion
381,5655.346749584743,3357.0570435897575,-362355.4102802883,4242.950805095179,1171.0505430585893,1133.1371,1576.09375,Onion
382,5491.824501110037,3338.450733268473,-451017.58641102724,4351.871984103271,1171.0505430585893,1133.1371,1552.6404494382023,Onion
383,5438.1590922152,3290.4913171653643,-410087.5699717653,4319.378634652248,1171.0505430585893,1133.1371,1591.8985507246377,Onion
384,5271.959199460035,3262.4494371970086,-298201.38054908614,4273.266045903292,1171.0505430585893,1133.1371,1573.3962264150944,Onion
385,5325.540845528616,3258.923650418223,-255581.25592333818,4204.09897701473,1171.0505430585893,1133.1371,1567.516339869281,Onion
386,5117.624137973995,3220.5795669322165,-244215.29095496546,4117.722767263614,1171.0505430585893,1133.1371,1540.4214285714286,Onion
387,5194.294489948357,3200.094424283538,-332523.1368000351,4007.5918074613874,1171.0505430585893,1133.1371,1539.5988023952095,Onion
388,5033.36302429728,3183.2683782383815,-364129.1589097661,4044.0523327906076,1171.0505430585893,1133.1371,1535.734693877551,Onion
389,5092.177403294268,3168.6416707266785,-341201.5379542333,3982.249899979719,1171.0505430585893,1133.1371,1507.132743362832,Onion
390,4865.251862809078,3174.337323236197,-278460.7521483118,3740.6775383095546,1171.0505430585893,1133.1371,1553.6129032258063,Onion
391,4884.087203362353,3150.5317606569342,-238653.73641444714,3764.7188490849135,1171.0505430585893,1133.1371,1534.9346405228757,Onion
392,4797.577218348182,3132.7831097168073,-219956.96327314142,3489.508015649268,1171.0505430585893,1133.1371,1524.6993865030674,Onion
393,4792.354516007338,3132.3138109279535,-186479.35513980704,3586.2350593062793,1171.0505430585893,1133.1371,1524.2814371257484,Onion
394,4707.152078436523,3121.646247608841,-143696.25098400563,3607.3694898515755,1171.0505430585893,1133.1371,1512.1568627450981,Onion
395,4720.889545125352,3103.612617758016,-74783.09587129978,3610.251323257176,1171.0505430585893,1133.1371,1480.3435114503816,Onion
396,4605.550816877218,3097.285718117212,-32523.067986345166,3556.6692586590902,1171.0505430585893,1133.1371,1479.0566037735848,Onion
397,4684.5474197460635,3099.803353950658,-10090.623426657301,3398.962783188135,1171.0505430585893,1133.1371,1509.9565217391305,Onion
398,4531.9444214685545,3086.734157415139,-23378.698863064994,3201.690607889066,1171.0505430585893,1133.1371,1511.9256756756756,Onion
399,4554.666456372692,3083.1050665879948,-132223.76734363468,3240.4605743555285,1171.0505430585893,1133.1371,1530.9573170731708,Onion
400,4407.870062445652,3086.992815231562,-363554.4498097239,3168.6875872411715,1171.0505430585893,1133.1371,1556.9636363636364,Onion
401,4416.177103966121,3090.1463115955817,-774242.8292774243,3205.9074727436814,1171.0505430585893,1133.1371,1526.5487804878048,Onion
402,4338.019829082268,3078.7523548343033,-1119970.1313528286,3184.5420211127125,1171.0505430585893,1133.1371,1573.7986577181207,Onion
403,4266.927451039898,3072.3290174251374,-957381.7982531332,2965.236235772868,1171.0505430585893,1133.1371,1590.5083333333334,Onion
404,4184.8081122868725,3077.7458668452828,-665280.7542370243,3039.38744084928,1171.0505430585893,1133.1371,1646.0843373493976,Onion
405,4108.299834994716,3058.523379718949,-562793.8806969868,3055.7767381958756,1171.0505430585893,1133.1371,1706.751552795031,Onion
406,3945.9762316913575,3046.7483346577915,-433218.8713395069,3089.329178444055,1171.0505430585893,1133.1371,1734.8148148148148,Onion
407,3955.9412861572973,3050.151089546846,-346306.6266064098,3047.618477066833,1171.0505430585893,1133.1371,1799.8407643312103,Onion
408,3815.2958143481965,3053.033618528389,-198502.95693082456,2900.285855076932,1171.0505430585893,1133.1371,1862.716049382716,Onion
409,3807.0051680917018,3047.8430436207664,-204892.7670320977,2936.163252801086,1171.0505430585893,1133.1371,1890.326797385621,Onion
410,3644.4657253281575,3048.6184718640857,-331743.5617951536,2857.642294905848,1171.0505430585893,1133.1371,1877.037037037037,Onion
411,3628.690598896631,3061.3222450902535,-604959.2429186366,2748.101841063901,1171.0505430585893,1133.1371,1933.8283582089553,Onion
412,3526.895618249785,3057.0327092240095,-839788.4419951811,2747.725860014524,1171.0505430585893,1133.1371,1981.3291139240507,Onion
413,3533.2935039461067,3049.452238241408,-822812.4312988797,2752.1201042973744,1171.0505430585893,1133.1371,1997.685534591195,Onion
414,3463.1645620122113,3045.7379046513825,-641722.9904715795,2777.509866344508,1171.0505430585893,1133.1371,2063.173076923077,Onion
415,3451.3418170163563,3046.8320149137476,-500983.5580896516,2546.241069763795,1171.0505430585893,1133.1371,2118.5723270440253,Onion
416,3394.1807027162313,3044.256733322131,-445331.20506325434,2669.183624424628,1171.0505430585893,1133.1371,2153.882716049383,Onion
417,3382.5239200675715,3051.504932599321,-587738.3508906537,2644.5870358033594,1171.0505430585893,1133.1371,2171.7727272727275,Onion
418,3362.813276146936,3057.088731768019,-667139.6708293889,2575.586072689618,1171.0505430585893,1133.1371,2233.621794871795,Onion
419,3377.9583548708706,3049.87199598474,-659115.9513170728,2696.4142470968427,1171.0505430585893,1133.1371,2264.3625,Onion
420,3285.502618173319,3078.58976545632,-555644.4572017427,2585.9109849908423,1171.0505430585893,1133.1371,2315.592105263158,Onion
421,3288.575508565864,3077.3520389089,-454285.20198660274,2631.5566183929495,1171.0505430585893,1133.1371,2342.8709677419356,Onion
422,3228.2167526631697,3065.597441070621,-415310.9972252952,2425.3896838349933,1171.0505430585893,1133.1371,2450.5379746835442,Onion
423,3226.8507428161647,3056.775387395666,-368625.58077663666,2519.0370327817213,1171.0505430585893,1133.1371,2425.0,Onion
424,3144.5841763861335,3052.0795893462055,-305254.3125579569,2587.85837942688,1171.0505430585893,1133.1371,2444.578431372549,Onion
425,3088.22664600828,3048.7952762481896,-187058.37299249048,2593.509026601988,1171.0505430585893,1133.1371,2453.676470588235,Onion
426,3026.409350163376,3059.384199368388,-87025.08505894733,2650.0857038538243,1171.0505430585893,1133.1371,2527.4324324324325,Onion
427,3127.1600310506424,3064.5872640279126,-47180.91202063524,2592.1187088996467,1171.0505430585893,1133.1371,2583.8853503184714,Onion
428,3020.4116418250587,3062.1092825894416,-53192.27026247389,2477.9016944132895,1171.0505430585893,1133.1371,2600.0,Onion
429,3015.3442992668834,3065.1580428107777,-211906.62265887513,2552.0168056385,1171.0505430585893,1133.1371,2636.6481481481483,Onion
430,2970.7713807370287,3064.0858305835977,-554531.9269539791,2543.2188933032185,1171.0505430585893,1133.1371,2673.882716049383,Onion
431,2956.349811460652,3071.8792225388065,-1209928.9968879977,2477.796068177242,1171.0505430585893,1133.1371,2709.2,Onion
432,2984.6537441057662,3077.2351714352117,-1916342.9117024557,2562.6276338946254,1171.0505430585893,1133.1371,2714.679012345679,Onion
433,2917.8703667057302,3085.3081202661438,-1811217.9183177063,2330.9798210761346,1171.0505430585893,1133.1371,2776.383647798742,Onion
434,2970.251031419124,3092.5605126316204,-1311301.844537579,2479.6473268286027,1171.0505430585893,1133.1371,2803.3459119496856,Onion
435,2933.3812840042324,3085.2838467308993,-1062904.53731935,2396.972662736932,1171.0505430585893,1133.1371,2791.0375,Onion
436,2852.8752030619953,3088.5795847842705,-820442.0952579817,2430.6987431555935,1171.0505430585893,1133.1371,2798.032679738562,Onion
437,2901.6162993870157,3101.0779525521452,-670476.38301861,2530.6739268377505,1171.0505430585893,1133.1371,2807.3260869565215,Onion
438,2869.737195887804,3112.624616544407,-416472.8592336335,2315.1592579911094,1171.0505430585893,1133.1371,2789.972972972973,Onion
439,2854.604899623425,3128.554731614713,-343770.0746269943,2471.1776287778775,1171.0505430585893,1133.1371,2835.980891719745,Onion
440,2823.638920070229,3149.5583753593596,-524620.3358540757,2345.133516928601,1171.0505430585893,1133.1371,2833.4362416107383,Onion
441,2863.380832528797,3158.812648576756,-973956.9922130443,2175.920742183588,1171.0505430585893,1133.1371,2884.5714285714284,Onion
442,2798.253249614429,3169.5555007055123,-1521536.4494913586,2283.2631154961123,1171.0505430585893,1133.1371,2820.8895705521472,Onion
443,2815.4490887531038,3173.0038861152093,-1603520.101241253,2315.719057134644,1171.0505430585893,1133.1371,2842.675,Onion
444,2805.172939375416,3173.398358741971,-1349903.6903982165,2368.3782494401435,1171.0505430585893,1133.1371,2859.201342281879,Onion
445,2777.140791549496,3186.9790114043562,-969506.9976436787,2226.9186894117956,1171.0505430585893,1133.1371,2824.9557522123896,Onion
446,2768.974134532825,3196.851830156625,-856981.4252615168,2245.444773533881,1171.0505430585893,1133.1371,2819.5641025641025,Onion
447,2788.582960237898,3221.2238050495007,-1025357.3964415868,2274.8313810684886,1171.0505430585893,1133.1371,2843.5095541401274,Onion
448,2793.328232621465,3228.9631977950594,-1203808.3679106953,2206.4646758581684,1171.0505430585893,1133.1371,2819.44375,Onion
449,2815.5641898293843,3232.8069543658926,-1242867.5634157714,2262.9552671141514,1171.0505430585893,1133.1371,2839.359756097561,Onion
450,2782.367695029353,3298.0204653326855,-1093971.0649540266,2076.7523081066115,1171.0505430585893,1133.1371,2801.1614906832297,Onion
451,2864.752078801609,3327.3891118414026,-859040.7774351285,2004.452673221672,1171.0505430585893,1133.1371,2814.5864197530864,Onion
452,2817.1938997450284,3321.6161436368293,-783647.3698336014,1959.1796373488696,1171.0505430585893,1133.1371,2765.8256880733943,Onion
453,2817.1100479981783,3385.3020178087772,-714822.9450224898,1987.2566756614742,1171.0505430585893,1133.1371,2793.476821192053,Onion
454,2761.2728804611575,3429.9759174981064,-622885.156288759,1983.842061991444,1171.0505430585893,1133.1371,2782.9056603773583,Onion
455,2783.680363281126,3386.015802485864,-425649.5915959124,1906.8390408529688,1171.0505430585893,1133.1371,2762.465277777778,Onion
456,2689.699287228976,3436.5459161517406,-213089.1043170864,1958.9951546168104,1171.0505430585893,1133.1371,2756.6901408450703,Onion
457,2786.0890173294188,3450.111253424973,-134018.61934732215,1906.5213864117968,1171.0505430585893,1133.1371,2745.5345911949685,Onion
458,2665.8848407031296,3499.750830309579,-118094.22282178978,1860.9775103468385,1171.0505430585893,1133.1371,2757.7898089171977,Onion
459,2719.0327702911754,3501.725763763063,-340858.72070411046,1845.3271914991478,1171.0505430585893,1133.1371,2722.076271186441,Onion
460,2648.996202767531,3505.8980007293785,-847941.8945567786,1659.4080042631945,1171.0505430585893,1133.1371,2739.2899408284025,Onion
461,2630.0534994803506,3525.3256321161325,-1871487.4570613594,1696.5101210501734,1171.0505430585893,1133.1371,2751.9303797468356,Onion
462,2555.8288970574145,3551.150459584293,-3191877.535550499,1684.5703620915497,1171.0505430585893,1133.1371,2746.878787878788,Onion
463,2537.439905908932,3530.6504991433017,-3349006.8576623634,1641.6664198268145,1171.0505430585893,1133.1371,2770.4146341463415,Onion
464,2413.800479518226,3547.975937996892,-2553587.8940446954,1650.8421076857044,1171.0505430585893,1133.1371,2795.521472392638,Onion
465,2509.829131913436,3570.5943442279095,-1957706.9251333976,1503.8397805708069,1171.0505430585893,1133.1371,2803.972602739726,Onion
466,2378.0056886753264,3552.3398500670505,-1552641.6840888162,1582.2199835880074,1171.0505430585893,1133.1371,2809.3391304347824,Onion
467,2393.9918173931464,3540.2402666491043,-1263413.0920853033,1552.9040761110243,1171.0505430585893,1133.1371,2778.1686746987953,Onion
468,2293.4345697329527,3516.225048726462,-833875.1589481359,1547.4998040092858,1171.0505430585893,1133.1371,2812.5766871165642,Onion
469,2297.487523881717,3524.5524335450946,-588797.655559486,1409.616433102422,1171.0505430585893,1133.1371,2887.3355704697988,Onion
470,2276.0415990770007,3509.0691022637584,-838730.4531003565,1407.828311706816,1171.0505430585893,1133.1371,2814.1139240506327,Onion
471,2210.3771113453345,3493.845369671274,-1535199.7019683062,1288.061119635157,1171.0505430585893,1133.1371,2935.418300653595,Onion
472,2219.151003334286,3499.448311570187,-2683819.1633783886,1263.6878543219805,1171.0505430585893,1133.1371,2969.408163265306,Onion
473,2170.042312024956,3455.7187482869062,-3036794.4835465895,1320.945612029573,1171.0505430585893,1133.1371,2992.58024691358,Onion
474,2068.148323600171,3417.3943816752217,-2739915.023236674,1363.1691159629595,1171.0505430585893,1133.1371,3002.126984126984,Onion
475,2097.9739710044278,3410.6282094552776,-1875707.0934959212,1507.0501240864148,1171.0505430585893,1133.1371,2974.4117647058824,Onion
476,2022.1584882176974,3403.457134697293,-1663909.9351893126,1297.5433885639616,1171.0505430585893,1133.1371,3022.052287581699,Onion
477,2017.4382315607731,3382.9529964180592,-1774326.364703399,1379.8786206427171,1171.0505430585893,1133.1371,3054.8238993710693,Onion
478,1939.8988328899422,3368.1288564146607,-2175447.2131183683,1187.5661187821381,1171.0505430585893,1133.1371,3090.604938271605,Onion
479,1992.9734500500197,3342.1985619815446,-2245684.4409465883,1214.73248217738,1171.0505430585893,1133.1371,3090.0,Onion
480,1896.3391554359669,3319.905450598435,-2109917.3546393365,1255.9929902232263,1171.0505430585893,1133.1371,3097.8313253012047,Onion
481,1923.5831672179074,3275.9654707521727,-1621608.384134909,1163.7286066515403,1171.0505430585893,1133.1371,3178.153846153846,Onion
482,1886.6063118202683,3235.211851757457,-1483694.8800942716,1202.1766119487493,1171.0505430585893,1133.1371,3155.0675675675675,Onion
483,1864.127813135407,3231.008667942293,-1355344.116061476,1117.366953178459,1171.0505430585893,1133.1371,3166.772151898734,Onion
484,1846.3076547863125,3189.327269039034,-1219087.346763491,1245.4932074920384,1171.0505430585893,1133.1371,3185.0314465408806,Onion
485,1847.174851504463,3173.9528238914513,-903329.7791102474,1204.0431313223296,1171.0505430585893,1133.1371,3234.9529411764706,Onion
486,1803.644600716033,3149.9290265045734,-506242.2299542546,1173.3018495935157,1171.0505430585893,1133.1371,3260.381679389313,Onion
487,1824.911551986628,3125.292908305509,-331523.773824063,1100.1711189933585,1171.0505430585893,1133.1371,3336.4814814814813,Onion
