Date,"Index Value",High,Low,"Previous Close"
"01 Jun 15",5.4,0,0,0
"02 Jun 15",5.42,0,0,0
"03 Jun 15",4.62,0,0,0
"04 Jun 15",3.26,0,0,0
"05 Jun 15",2.52,0,0,0
"06 Jun 15",2.83,0,0,0
"07 Jun 15",1.86,0,0,0
"08 Jun 15",3.07,0,0,0
"09 Jun 15",3.74,0,0,0
"10 Jun 15",5.41,0,0,0
"11 Jun 15",5.3,0,0,0
"12 Jun 15",6.96,0,0,0
"13 Jun 15",9.19,0,0,0
"14 Jun 15",12.22,0,0,0
"15 Jun 15",12.23,0,0,0
"16 Jun 15",11.87,0,0,0
"17 Jun 15",9.76,0,0,0
"18 Jun 15",10.52,0,0,0
"19 Jun 15",13.4,0,0,0
"20 Jun 15",16.95,0,0,0
"21 Jun 15",21.96,0,0,0
"22 Jun 15",28.38,0,0,0
"23 Jun 15",31.73,0,0,0
"24 Jun 15",34.58,0,0,0
"25 Jun 15",40.47,0,0,0
"26 Jun 15",41.49,0,0,0
"27 Jun 15",39.03,0,0,0
"28 Jun 15",35.4,0,0,0
"29 Jun 15",32.09,0,0,0
"30 Jun 15",30.95,0,0,0
"01 Jul 15",28.62,0,0,0
"02 Jul 15",23.11,0,0,0
"03 Jul 15",17.88,0,0,0
"04 Jul 15",15.15,0,0,0
"05 Jul 15",8.78,0,0,0
"06 Jul 15",6.83,0,0,0
"07 Jul 15",2.89,0,0,0
"08 Jul 15",-2.27,0,0,0
"09 Jul 15",-4.01,0,0,0
"10 Jul 15",-0.2,0,0,0
"11 Jul 15",2.98,0,0,0
"12 Jul 15",2.37,0,0,0
"13 Jul 15",-2.5,0,0,0
"14 Jul 15",-8.79,0,0,0
"15 Jul 15",-11.8,0,0,0
"16 Jul 15",-13.06,0,0,0
"17 Jul 15",-15.6,0,0,0
"18 Jul 15",-18.53,0,0,0
"19 Jul 15",-18.48,0,0,0
"20 Jul 15",-18.18,0,0,0
"21 Jul 15",-20.34,0,0,0
"22 Jul 15",-21.19,0,0,0
"23 Jul 15",-19.93,0,0,0
"24 Jul 15",-20.11,0,0,0
"25 Jul 15",-19.29,0,0,0
"26 Jul 15",-16.29,0,0,0
"27 Jul 15",-15.25,0,0,0
"28 Jul 15",-12.55,0,0,0
"29 Jul 15",-13.7,0,0,0
"30 Jul 15",-20.38,0,0,0
"31 Jul 15",-25.12,0,0,0
"01 Aug 15",-24.96,0,0,0
"02 Aug 15",-29.22,0,0,0
"03 Aug 15",-30.27,0,0,0
"04 Aug 15",-31.99,0,0,0
"05 Aug 15",-30.8,0,0,0
"06 Aug 15",-32.12,0,0,0
"07 Aug 15",-37.15,0,0,0
"08 Aug 15",-41.52,0,0,0
"09 Aug 15",-46.17,0,0,0
"10 Aug 15",-50.54,0,0,0
"11 Aug 15",-52.05,0,0,0
"12 Aug 15",-51.38,0,0,0
"13 Aug 15",-52.92,0,0,0
"14 Aug 15",-56.3,0,0,0
"15 Aug 15",-58.06,0,0,0
"16 Aug 15",-56.54,0,0,0
"17 Aug 15",-54.56,0,0,0
"18 Aug 15",-51.29,0,0,0
"19 Aug 15",-49.88,0,0,0
"20 Aug 15",-50.58,0,0,0
"21 Aug 15",-49.86,0,0,0
"22 Aug 15",-51.44,0,0,0
"23 Aug 15",-55.44,0,0,0
"24 Aug 15",-60.47,0,0,0
"25 Aug 15",-66.02,0,0,0
"26 Aug 15",-70.63,0,0,0
"27 Aug 15",-71.63,0,0,0
"28 Aug 15",-73.32,0,0,0
"29 Aug 15",-74.47,0,0,0
"30 Aug 15",-69.42,0,0,0
"31 Aug 15",-67.39,0,0,0
"01 Sep 15",-68.17,0,0,0
"02 Sep 15",-71.67,0,0,0
"03 Sep 15",-76.37,0,0,0
"04 Sep 15",-83.21,0,0,0
"05 Sep 15",-88.1,0,0,0
"06 Sep 15",-93.75,0,0,0
"07 Sep 15",-96.47,0,0,0
"08 Sep 15",-98.8,0,0,0
"09 Sep 15",-103.73,0,0,0
"10 Sep 15",-106.95,0,0,0
"11 Sep 15",-109.44,0,0,0
"12 Sep 15",-114.18,0,0,0
"13 Sep 15",-117.34,0,0,0
"14 Sep 15",-120.18,0,0,0
"15 Sep 15",-120.45,0,0,0
"16 Sep 15",-118.18,0,0,0
"17 Sep 15",-116.96,0,0,0
"18 Sep 15",-116.14,0,0,0
"19 Sep 15",-116.7,0,0,0
"20 Sep 15",-111.45,0,0,0
"21 Sep 15",-105.68,0,0,0
"22 Sep 15",-102.79,0,0,0
"23 Sep 15",-100.21,0,0,0
"24 Sep 15",-101.76,0,0,0
"25 Sep 15",-105.12,0,0,0
"26 Sep 15",-107.81,0,0,0
"27 Sep 15",-111.86,0,0,0
"28 Sep 15",-115.04,0,0,0
"29 Sep 15",-118.38,0,0,0
"30 Sep 15",-120.54,0,0,0
"01 Jun 16",-0.48,0,0,0
"02 Jun 16",-0.58,0,0,0
"03 Jun 16",-2.42,0,0,0
"04 Jun 16",-3.15,0,0,0
"05 Jun 16",-4.39,0,0,0
"06 Jun 16",-5.92,0,0,0
"07 Jun 16",-6.87,0,0,0
"08 Jun 16",-6.02,0,0,0
"09 Jun 16",-5.73,0,0,0
"10 Jun 16",-7.53,0,0,0
"11 Jun 16",-9.52,0,0,0
"12 Jun 16",-11.38,0,0,0
"13 Jun 16",-12.45,0,0,0
"14 Jun 16",-14.79,0,0,0
"15 Jun 16",-19.96,0,0,0
"16 Jun 16",-21.78,0,0,0
"17 Jun 16",-25.38,0,0,0
"18 Jun 16",-26.39,0,0,0
"19 Jun 16",-27.13,0,0,0
"20 Jun 16",-27.57,0,0,0
"21 Jun 16",-24.77,0,0,0
"22 Jun 16",-20.7,0,0,0
"23 Jun 16",-18.42,0,0,0
"24 Jun 16",-17.21,0,0,0
"25 Jun 16",-17.42,0,0,0
"26 Jun 16",-15.78,0,0,0
"27 Jun 16",-15.26,0,0,0
"28 Jun 16",-9.81,0,0,0
"29 Jun 16",-7.53,0,0,0
"30 Jun 16",-8.94,0,0,0
"01 Jul 16",-9.11,0,0,0
"02 Jul 16",-3.61,0,0,0
"03 Jul 16",3.27,0,0,0
"04 Jul 16",10.63,0,0,0
"05 Jul 16",14.92,0,0,0
"06 Jul 16",19.78,0,0,0
"07 Jul 16",17.92,0,0,0
"08 Jul 16",14.44,0,0,0
"09 Jul 16",15.9,0,0,0
"10 Jul 16",16.91,0,0,0
"11 Jul 16",18.74,0,0,0
"12 Jul 16",19.74,0,0,0
"13 Jul 16",19.66,0,0,0
"14 Jul 16",16,0,0,0
"15 Jul 16",14.2,0,0,0
"16 Jul 16",15.92,0,0,0
"17 Jul 16",21.35,0,0,0
"18 Jul 16",23.64,0,0,0
"19 Jul 16",23.17,0,0,0
"20 Jul 16",19.76,0,0,0
"21 Jul 16",16.74,0,0,0
"22 Jul 16",16.81,0,0,0
"23 Jul 16",21.02,0,0,0
"24 Jul 16",22.26,0,0,0
"25 Jul 16",23.89,0,0,0
"26 Jul 16",25.34,0,0,0
"27 Jul 16",28.04,0,0,0
"28 Jul 16",26.54,0,0,0
"29 Jul 16",25.35,0,0,0
"30 Jul 16",25.91,0,0,0
"31 Jul 16",28.63,0,0,0
"01 Aug 16",30.98,0,0,0
"02 Aug 16",34.78,0,0,0
"03 Aug 16",34.84,0,0,0
"04 Aug 16",36.27,0,0,0
"05 Aug 16",36.27,0,0,0
"06 Aug 16",39.74,0,0,0
"07 Aug 16",43.19,0,0,0
"08 Aug 16",44.32,0,0,0
"09 Aug 16",44.16,0,0,0
"10 Aug 16",44.91,0,0,0
"11 Aug 16",42.34,0,0,0
"12 Aug 16",41.04,0,0,0
"13 Aug 16",36.95,0,0,0
"14 Aug 16",32.52,0,0,0
"15 Aug 16",27.66,0,0,0
"16 Aug 16",24.49,0,0,0
"17 Aug 16",22.8,0,0,0
"18 Aug 16",20.99,0,0,0
"19 Aug 16",18.7,0,0,0
"20 Aug 16",15.77,0,0,0
"21 Aug 16",12.97,0,0,0
"22 Aug 16",10.64,0,0,0
"23 Aug 16",6.69,0,0,0
"24 Aug 16",3.88,0,0,0
"25 Aug 16",0.05,0,0,0
"26 Aug 16",-2.76,0,0,0
"27 Aug 16",-3.46,0,0,0
"28 Aug 16",-3.86,0,0,0
"29 Aug 16",-4.43,0,0,0
"30 Aug 16",-5.98,0,0,0
"31 Aug 16",-3.95,0,0,0
"01 Sep 16",2.12,0,0,0
"02 Sep 16",4.18,0,0,0
"03 Sep 16",1.6,0,0,0
"04 Sep 16",-1.54,0,0,0
"05 Sep 16",-3.42,0,0,0
"06 Sep 16",-6.53,0,0,0
"07 Sep 16",-11.14,0,0,0
"08 Sep 16",-14.45,0,0,0
"09 Sep 16",-18.13,0,0,0
"10 Sep 16",-21.01,0,0,0
"11 Sep 16",-22.59,0,0,0
"12 Sep 16",-24.3,0,0,0
"13 Sep 16",-24.03,0,0,0
"14 Sep 16",-24.02,0,0,0
"15 Sep 16",-25.45,0,0,0
"16 Sep 16",-23.93,0,0,0
"17 Sep 16",-22.71,0,0,0
"18 Sep 16",-23.17,0,0,0
"19 Sep 16",-22.14,0,0,0
"20 Sep 16",-24.02,0,0,0
"21 Sep 16",-18.12,0,0,0
"22 Sep 16",-12.7,0,0,0
"23 Sep 16",-11.31,0,0,0
"24 Sep 16",-6.94,0,0,0
"25 Sep 16",-3.92,0,0,0
"26 Sep 16",-3.22,0,0,0
"27 Sep 16",-3.94,0,0,0
"28 Sep 16",-4.05,0,0,0
"29 Sep 16",-3.31,0,0,0
"30 Sep 16",-3.78,0,0,0
"01 Jun 17",1.77,0,0,0
"02 Jun 17",5.48,0,0,0
"03 Jun 17",8.22,0,0,0
"04 Jun 17",6.49,0,0,0
"05 Jun 17",6.42,0,0,0
"06 Jun 17",8.69,0,0,0
"07 Jun 17",9.16,0,0,0
"08 Jun 17",7.2,0,0,0
"09 Jun 17",8.59,0,0,0
"10 Jun 17",13.55,0,0,0
"11 Jun 17",15.27,0,0,0
"12 Jun 17",18.04,0,0,0
"13 Jun 17",16.55,0,0,0
"14 Jun 17",12.68,0,0,0
"15 Jun 17",11.96,0,0,0
"16 Jun 17",12.2,0,0,0
"17 Jun 17",9.92,0,0,0
"18 Jun 17",8.87,0,0,0
"19 Jun 17",9.1,0,0,0
"20 Jun 17",9.25,0,0,0
"21 Jun 17",9.45,0,0,0
"22 Jun 17",6.14,0,0,0
"23 Jun 17",3.81,0,0,0
"24 Jun 17",3.44,0,0,0
"25 Jun 17",4.35,0,0,0
"26 Jun 17",5.26,0,0,0
"27 Jun 17",7.8,0,0,0
"28 Jun 17",9.79,0,0,0
"29 Jun 17",13,0,0,0
"30 Jun 17",16.35,0,0,0
"01 Jul 17",21.45,0,0,0
"02 Jul 17",21.25,0,0,0
"03 Jul 17",20.46,0,0,0
"04 Jul 17",20.86,0,0,0
"05 Jul 17",18.7,0,0,0
"06 Jul 17",17.82,0,0,0
"07 Jul 17",13.24,0,0,0
"08 Jul 17",12.38,0,0,0
"09 Jul 17",16.62,0,0,0
"10 Jul 17",17.39,0,0,0
"11 Jul 17",15.29,0,0,0
"12 Jul 17",13.34,0,0,0
"13 Jul 17",16.04,0,0,0
"14 Jul 17",18.01,0,0,0
"15 Jul 17",16.81,0,0,0
"16 Jul 17",15.35,0,0,0
"17 Jul 17",17.75,0,0,0
"18 Jul 17",23.51,0,0,0
"19 Jul 17",24.75,0,0,0
"20 Jul 17",25.05,0,0,0
"21 Jul 17",26.13,0,0,0
"22 Jul 17",28.48,0,0,0
"23 Jul 17",30.64,0,0,0
"24 Jul 17",33.39,0,0,0
"25 Jul 17",32.62,0,0,0
"26 Jul 17",32.05,0,0,0
"27 Jul 17",28.89,0,0,0
"28 Jul 17",25.54,0,0,0
"29 Jul 17",20.68,0,0,0
"30 Jul 17",15.52,0,0,0
"31 Jul 17",12.07,0,0,0
"01 Aug 17",9.62,0,0,0
"02 Aug 17",6.23,0,0,0
"03 Aug 17",1.56,0,0,0
"04 Aug 17",-2.31,0,0,0
"05 Aug 17",-6.35,0,0,0
"06 Aug 17",-9.39,0,0,0
"07 Aug 17",-11.75,0,0,0
"08 Aug 17",-12.54,0,0,0
"09 Aug 17",-10.63,0,0,0
"10 Aug 17",-9.11,0,0,0
"11 Aug 17",-6.18,0,0,0
"12 Aug 17",-5.14,0,0,0
"13 Aug 17",-8.22,0,0,0
"14 Aug 17",-10.02,0,0,0
"15 Aug 17",-13.45,0,0,0
"16 Aug 17",-18.42,0,0,0
"17 Aug 17",-23.69,0,0,0
"18 Aug 17",-25.41,0,0,0
"19 Aug 17",-25.62,0,0,0
"20 Aug 17",-23.75,0,0,0
"21 Aug 17",-23.99,0,0,0
"22 Aug 17",-26.48,0,0,0
"23 Aug 17",-31.49,0,0,0
"24 Aug 17",-32.3,0,0,0
"25 Aug 17",-32.43,0,0,0
"26 Aug 17",-32.27,0,0,0
"27 Aug 17",-30.53,0,0,0
"28 Aug 17",-26.2,0,0,0
"29 Aug 17",-20.33,0,0,0
"30 Aug 17",-16.82,0,0,0
"31 Aug 17",-18.61,0,0,0
"01 Sep 17",-19.45,0,0,0
"02 Sep 17",-18.54,0,0,0
"03 Sep 17",-19.71,0,0,0
"04 Sep 17",-23.3,0,0,0
"05 Sep 17",-28.12,0,0,0
"06 Sep 17",-31.99,0,0,0
"07 Sep 17",-35.05,0,0,0
"08 Sep 17",-36.67,0,0,0
"09 Sep 17",-37.23,0,0,0
"10 Sep 17",-37.75,0,0,0
"11 Sep 17",-40.59,0,0,0
"12 Sep 17",-43.27,0,0,0
"13 Sep 17",-42.99,0,0,0
"14 Sep 17",-41.97,0,0,0
"15 Sep 17",-43.17,0,0,0
"16 Sep 17",-44.04,0,0,0
"17 Sep 17",-43.7,0,0,0
"18 Sep 17",-40.61,0,0,0
"19 Sep 17",-39.25,0,0,0
"20 Sep 17",-33.95,0,0,0
"21 Sep 17",-29.76,0,0,0
"22 Sep 17",-27.32,0,0,0
"23 Sep 17",-27,0,0,0
"24 Sep 17",-29.44,0,0,0
"25 Sep 17",-32.86,0,0,0
"26 Sep 17",-36.11,0,0,0
"27 Sep 17",-37.98,0,0,0
"28 Sep 17",-38.11,0,0,0
"29 Sep 17",-34.86,0,0,0
"30 Sep 17",-30.7,0,0,0
"01 Jun 18",-0.97,0,0,0
"02 Jun 18",-0.09,0,0,0
"03 Jun 18",-0.7,0,0,0
"04 Jun 18",-0.94,0,0,0
"05 Jun 18",-2.84,0,0,0
"06 Jun 18",-4.38,0,0,0
"07 Jun 18",-3.46,0,0,0
"08 Jun 18",-0.83,0,0,0
"09 Jun 18",1.77,0,0,0
"10 Jun 18",4.64,0,0,0
"11 Jun 18",4.08,0,0,0
"12 Jun 18",3.77,0,0,0
"13 Jun 18",4.11,0,0,0
"14 Jun 18",4.11,0,0,0
"15 Jun 18",2.01,0,0,0
"16 Jun 18",4.64,0,0,0
"17 Jun 18",2.18,0,0,0
"18 Jun 18",-0.7,0,0,0
"19 Jun 18",-4.93,0,0,0
"20 Jun 18",-8.75,0,0,0
"21 Jun 18",-10.68,0,0,0
"22 Jun 18",-11.1,0,0,0
"23 Jun 18",-9.72,0,0,0
"24 Jun 18",-8.82,0,0,0
"25 Jun 18",-9.83,0,0,0
"26 Jun 18",-8.39,0,0,0
"27 Jun 18",-6.06,0,0,0
"28 Jun 18",1.87,0,0,0
"29 Jun 18",2.21,0,0,0
"30 Jun 18",0.04,0,0,0
"01 Jul 18",-0.93,0,0,0
"02 Jul 18",-0.33,0,0,0
"03 Jul 18",3.57,0,0,0
"04 Jul 18",5.88,0,0,0
"05 Jul 18",5.13,0,0,0
"06 Jul 18",2.37,0,0,0
"07 Jul 18",2.76,0,0,0
"08 Jul 18",3.55,0,0,0
"09 Jul 18",5.13,0,0,0
"10 Jul 18",4.68,0,0,0
"11 Jul 18",5.4,0,0,0
"12 Jul 18",8.04,0,0,0
"13 Jul 18",9.93,0,0,0
"14 Jul 18",12.26,0,0,0
"15 Jul 18",14.1,0,0,0
"16 Jul 18",19.7,0,0,0
"17 Jul 18",24.75,0,0,0
"18 Jul 18",24.19,0,0,0
"19 Jul 18",28.06,0,0,0
"20 Jul 18",26.53,0,0,0
"21 Jul 18",29.12,0,0,0
"22 Jul 18",32.66,0,0,0
"23 Jul 18",34.59,0,0,0
"24 Jul 18",32.96,0,0,0
"25 Jul 18",30.65,0,0,0
"26 Jul 18",31.84,0,0,0
"27 Jul 18",29.31,0,0,0
"28 Jul 18",25.33,0,0,0
"29 Jul 18",23.12,0,0,0
"30 Jul 18",18.82,0,0,0
"31 Jul 18",18.56,0,0,0
"01 Aug 18",15.27,0,0,0
"02 Aug 18",12.88,0,0,0
"03 Aug 18",8.82,0,0,0
"04 Aug 18",4.41,0,0,0
"05 Aug 18",0.3,0,0,0
"06 Aug 18",-2.45,0,0,0
"07 Aug 18",-2.86,0,0,0
"08 Aug 18",-0.64,0,0,0
"09 Aug 18",-2.68,0,0,0
"10 Aug 18",-7.83,0,0,0
"11 Aug 18",-8.07,0,0,0
"12 Aug 18",-5.84,0,0,0
"13 Aug 18",-3.58,0,0,0
"14 Aug 18",-3.61,0,0,0
"15 Aug 18",-1.3,0,0,0
"16 Aug 18",5.37,0,0,0
"17 Aug 18",8.37,0,0,0
"18 Aug 18",7.12,0,0,0
"19 Aug 18",5.41,0,0,0
"20 Aug 18",7.94,0,0,0
"21 Aug 18",12.3,0,0,0
"22 Aug 18",11.95,0,0,0
"23 Aug 18",9.71,0,0,0
"24 Aug 18",7.94,0,0,0
"25 Aug 18",8.17,0,0,0
"26 Aug 18",10.31,0,0,0
"27 Aug 18",11.29,0,0,0
"28 Aug 18",9.74,0,0,0
"29 Aug 18",9.17,0,0,0
"30 Aug 18",5.64,0,0,0
"31 Aug 18",3.96,0,0,0
"01 Sep 18",3.02,0,0,0
"02 Sep 18",1.74,0,0,0
"03 Sep 18",1.3,0,0,0
"04 Sep 18",-1.45,0,0,0
"05 Sep 18",-4.73,0,0,0
"06 Sep 18",-5.86,0,0,0
"07 Sep 18",-6.29,0,0,0
"08 Sep 18",-7.68,0,0,0
"09 Sep 18",-10.45,0,0,0
"10 Sep 18",-11.77,0,0,0
"11 Sep 18",-13.28,0,0,0
"12 Sep 18",-14.44,0,0,0
"13 Sep 18",-16.22,0,0,0
"14 Sep 18",-12.56,0,0,0
"15 Sep 18",-16.64,0,0,0
"16 Sep 18",-20.95,0,0,0
"17 Sep 18",-24.08,0,0,0
"18 Sep 18",-28.41,0,0,0
"19 Sep 18",-32.86,0,0,0
"20 Sep 18",-35.57,0,0,0
"21 Sep 18",-32.6,0,0,0
"22 Sep 18",-27.36,0,0,0
"23 Sep 18",-24.31,0,0,0
"24 Sep 18",-21.66,0,0,0
"25 Sep 18",-21.96,0,0,0
"26 Sep 18",-20.4,0,0,0
"27 Sep 18",-22.4,0,0,0
"28 Sep 18",-24.23,0,0,0
"29 Sep 18",-26.24,0,0,0
"30 Sep 18",-28.24,0,0,0
"01 Jun 19",-1.27,0,0,0
"02 Jun 19",-3.84,0,0,0
"03 Jun 19",-3.88,0,0,0
"04 Jun 19",-3.36,0,0,0
"05 Jun 19",-5.44,0,0,0
"06 Jun 19",-8.32,0,0,0
"07 Jun 19",-10.99,0,0,0
"08 Jun 19",-14.08,0,0,0
"09 Jun 19",-16.67,0,0,0
"10 Jun 19",-18.13,0,0,0
"11 Jun 19",-20.3,0,0,0
"12 Jun 19",-22.6,0,0,0
"13 Jun 19",-24.8,0,0,0
"14 Jun 19",-27.76,0,0,0
"15 Jun 19",-30.12,0,0,0
"16 Jun 19",-32.13,0,0,0
"17 Jun 19",-35.77,0,0,0
"18 Jun 19",-37.59,0,0,0
"19 Jun 19",-38.97,0,0,0
"20 Jun 19",-40.71,0,0,0
"21 Jun 19",-41.46,0,0,0
"22 Jun 19",-42.64,0,0,0
"23 Jun 19",-43.46,0,0,0
"24 Jun 19",-45.68,0,0,0
"25 Jun 19",-47.16,0,0,0
"26 Jun 19",-49.19,0,0,0
"27 Jun 19",-48.17,0,0,0
"28 Jun 19",-49.04,0,0,0
"29 Jun 19",-48.85,0,0,0
"30 Jun 19",-51.8,0,0,0
"01 Jul 19",-51.91,0,0,0
"02 Jul 19",-50.7,0,0,0
"03 Jul 19",-50.19,0,0,0
"04 Jul 19",-52.49,0,0,0
"05 Jul 19",-52.98,0,0,0
"06 Jul 19",-47.25,0,0,0
"07 Jul 19",-42.39,0,0,0
"08 Jul 19",-41.31,0,0,0
"09 Jul 19",-36.81,0,0,0
"10 Jul 19",-32.3,0,0,0
"11 Jul 19",-28.53,0,0,0
"12 Jul 19",-28.63,0,0,0
"13 Jul 19",-28.13,0,0,0
"14 Jul 19",-29.27,0,0,0
"15 Jul 19",-30.17,0,0,0
"16 Jul 19",-31.76,0,0,0
"17 Jul 19",-37.29,0,0,0
"18 Jul 19",-44.25,0,0,0
"19 Jul 19",-48.12,0,0,0
"20 Jul 19",-51.35,0,0,0
"21 Jul 19",-55.44,0,0,0
"22 Jul 19",-57.89,0,0,0
"23 Jul 19",-58.72,0,0,0
"24 Jul 19",-59.97,0,0,0
"25 Jul 19",-56.97,0,0,0
"26 Jul 19",-50.46,0,0,0
"27 Jul 19",-46.02,0,0,0
"28 Jul 19",-45.65,0,0,0
"29 Jul 19",-41.79,0,0,0
"30 Jul 19",-38.75,0,0,0
"31 Jul 19",-35.76,0,0,0
"01 Aug 19",-34.41,0,0,0
"02 Aug 19",-33.76,0,0,0
"03 Aug 19",-30.82,0,0,0
"04 Aug 19",-28.97,0,0,0
"05 Aug 19",-30.19,0,0,0
"06 Aug 19",-27.22,0,0,0
"07 Aug 19",-18.92,0,0,0
"08 Aug 19",-7.52,0,0,0
"09 Aug 19",0.1,0,0,0
"10 Aug 19",5.24,0,0,0
"11 Aug 19",5.75,0,0,0
"12 Aug 19",0.1,0,0,0
"13 Aug 19",0.3,0,0,0
"14 Aug 19",8.11,0,0,0
"15 Aug 19",14.78,0,0,0
"16 Aug 19",14.42,0,0,0
"17 Aug 19",16.4,0,0,0
"18 Aug 19",18.35,0,0,0
"19 Aug 19",19.56,0,0,0
"20 Aug 19",17.3,0,0,0
"21 Aug 19",14.01,0,0,0
"22 Aug 19",13.3,0,0,0
"23 Aug 19",11.31,0,0,0
"24 Aug 19",11.77,0,0,0
"25 Aug 19",11.57,0,0,0
"26 Aug 19",12.2,0,0,0
"27 Aug 19",11.11,0,0,0
"28 Aug 19",8.56,0,0,0
"29 Aug 19",5.77,0,0,0
"30 Aug 19",3.45,0,0,0
"31 Aug 19",4.79,0,0,0
"01 Sep 19",4.62,0,0,0
"02 Sep 19",7.07,0,0,0
"03 Sep 19",7.26,0,0,0
"04 Sep 19",8.36,0,0,0
"05 Sep 19",13.49,0,0,0
"06 Sep 19",16.33,0,0,0
"07 Sep 19",17.82,0,0,0
"08 Sep 19",23.58,0,0,0
"09 Sep 19",28.33,0,0,0
"10 Sep 19",31.18,0,0,0
"11 Sep 19",31.77,0,0,0
"12 Sep 19",35.28,0,0,0
"13 Sep 19",42.06,0,0,0
"14 Sep 19",44.85,0,0,0
"15 Sep 19",44.51,0,0,0
"16 Sep 19",44.52,0,0,0
"17 Sep 19",44.39,0,0,0
"18 Sep 19",46.47,0,0,0
"19 Sep 19",48.11,0,0,0
"20 Sep 19",48.24,0,0,0
"21 Sep 19",44.77,0,0,0
"22 Sep 19",43.92,0,0,0
"23 Sep 19",45.74,0,0,0
"24 Sep 19",51.77,0,0,0
"25 Sep 19",57.99,0,0,0
"26 Sep 19",64.18,0,0,0
"27 Sep 19",71.48,0,0,0
"28 Sep 19",78.69,0,0,0
"29 Sep 19",87.79,0,0,0
"30 Sep 19",95.44,0,0,0
"01 Jun 20",3.49,0,0,0
"02 Jun 20",8.46,0,0,0
"03 Jun 20",13.74,0,0,0
"04 Jun 20",16.7,0,0,0
"05 Jun 20",21.03,0,0,0
"06 Jun 20",23.2,0,0,0
"07 Jun 20",21.96,0,0,0
"08 Jun 20",19.71,0,0,0
"09 Jun 20",16.82,0,0,0
"10 Jun 20",13.64,0,0,0
"11 Jun 20",15.72,0,0,0
"12 Jun 20",15.76,0,0,0
"13 Jun 20",16.67,0,0,0
"14 Jun 20",17.58,0,0,0
"15 Jun 20",17.58,23.2,3.49,16.67
"16 Jun 20",19.17,0,0,0
"17 Jun 20",21.16,0,0,0
"18 Jun 20",23.08,0,0,0
"19 Jun 20",22.26,0,0,0
"20 Jun 20",20.67,0,0,0
"21 Jun 20",19.9,0,0,0
"22 Jun 20",21.2,0,0,0
"23 Jun 20",20.81,0,0,0
"24 Jun 20",21.19,0,0,0
"25 Jun 20",22.63,0,0,0
"26 Jun 20",27.49,0,0,0
"27 Jun 20",30.31,0,0,0
"28 Jun 20",30.14,0,0,0
"29 Jun 20",27.89,0,0,0
"30 Jun 20",25.71,0,0,0
"01 Jul 20",23.12,0,0,0
"02 Jul 20",20.42,0,0,0
"03 Jul 20",19.6,0,0,0
"04 Jul 20",18.84,0,0,0
"05 Jul 20",21.19,0,0,0
"06 Jul 20",25.3,0,0,0
"07 Jul 20",28.84,0,0,0
"08 Jul 20",29.88,0,0,0
"09 Jul 20",32.98,0,0,0
"10 Jul 20",38.74,0,0,0
"11 Jul 20",40.64,0,0,0
"12 Jul 20",40.64,40.64,3.49,38.74
"13 Jul 20",41.51,0,0,0
"14 Jul 20",40.24,0,0,0
"15 Jul 20",41.34,0,0,0
"16 Jul 20",41.34,41.51,3.49,40.24
"17 Jul 20",12.23,0,0,0
"18 Jul 20",8.08,0,0,0
"19 Jul 20",6.76,0,0,0
"20 Jul 20",32.46,41.51,3.49,33.79
"21 Jul 20",33.62,41.51,3.49,32.46
"22 Jul 20",34.35,41.51,3.49,33.62
"23 Jul 20",32.28,41.51,3.49,34.35
"24 Jul 20",29.83,41.51,3.49,32.28
"25 Jul 20",25.08,41.51,3.49,29.07
"26 Jul 20",18.23,41.51,3.49,25.08
"27 Jul 20",11.49,41.51,3.49,18.23
"28 Jul 20",5.81,41.51,3.49,11.49
"29 Jul 20",6.82,41.51,3.49,5.81
"30 Jul 20",10,41.51,3.49,6.82
"31 Jul 20",9.17,0,0,0
"01 Aug 20",7.21,41.51,3.49,9.18
"02 Aug 20",3.2,41.51,3.2,7.21
"03 Aug 20",-0.75,41.51,-0.75,3.2
"04 Aug 20",-1.98,41.51,-1.98,0.75
"05 Aug 20",3.25,41.51,-1.98,-1.98
"06 Aug 20",6.2,41.51,-1.98,3.25
"07 Aug 20",6.51,0,0,0
"08 Aug 20",5.41,41.51,-1.98,6.51
"09 Aug 20",8.05,41.51,-1.98,5.41
"10 Aug 20",13.08,41.51,-1.98,8.05
"11 Aug 20",13.92,41.51,-1.98,13.08
"12 Aug 20",15.58,41.51,-1.98,13.92
"13 Aug 20",19.15,41.51,-1.98,15.58
"14 Aug 20",24.08,0,0,0
"15 Aug 20",27.8,41.51,-1.98,24.08
"16 Aug 20",32.03,41.51,-1.98,27.8
"17 Aug 20",34.37,41.51,-1.98,32.03
"18 Aug 20",35.04,41.51,-1.98,34.37
"19 Aug 20",35.54,41.51,-1.98,35.04
"20 Aug 20",41.6,41.6,-1.98,35.54
"21 Aug 20",46.72,0,0,0
"22 Aug 20",50.28,50.28,-1.98,46.72
"23 Aug 20",51.46,51.46,-1.98,50.28
"24 Aug 20",53.19,53.19,-1.98,51.46
"26 Aug 20",51.77,53.19,-1.98,51.34
"27 Aug 20",53.48,53.48,-1.98,51.77
"28 Aug 20",57.63,0,0,0
"29 Aug 20",60.41,60.41,-1.98,57.63
"30 Aug 20",64.5,64.5,-1.98,60.41
"31 Aug 20",65.81,65.81,-1.98,64.5
"01 Sep 20",63.32,65.81,-1.98,65.81
"02 Sep 20",60.56,65.81,-1.98,63.32
"03 Sep 20",57.56,65.81,-1.98,60.56
"04 Sep 20",54.04,0,0,0
"05 Sep 20",50.41,65.81,-1.98,54.04
"06 Sep 20",46.76,65.81,-1.98,50.41
"07 Sep 20",48.18,65.81,-1.98,46.76
"08 Sep 20",46.37,65.81,-1.98,48.18
"09 Sep 20",43.28,65.81,-1.98,46.37
"10 Sep 20",41.57,65.81,-1.98,43.28
"11 Sep 20",42.73,0,0,0
"12 Sep 20",43.22,65.81,-1.98,42.73
"13 Sep 20",45.2,65.81,-1.98,43.22
"14 Sep 20",48.54,65.81,-1.98,45.2
"15 Sep 20",50.22,65.81,-1.98,48.54
"16 Sep 20",52.06,65.81,-1.98,50.22
"17 Sep 20",52.98,65.81,-1.98,52.06
"18 Sep 20",53.36,0,0,0
"19 Sep 20",52.92,65.81,-1.98,53.36
"20 Sep 20",52.99,65.81,-1.98,52.92
"21 Sep 20",55.98,65.81,-1.98,52.99
"22 Sep 20",60.55,65.81,-1.98,55.98
"23 Sep 20",67.99,67.99,-1.98,60.55
"24 Sep 20",72.91,72.91,-1.98,67.99
"25 Sep 20",76.4,0,0,0
"26 Sep 20",82.88,82.88,-1.98,76.4
"27 Sep 20",83.99,83.99,-1.98,82.88
"28 Sep 20",81.27,83.99,-1.98,83.99
"29 Sep 20",78.33,83.99,-1.98,81.27
"30 Sep 20",78.11,83.99,-1.98,78.33
"01 Jun 21",1.71,1.71,0,0
"02 Jun 21",3.12,3.12,0,1.71
"03 Jun 21",4.34,4.34,0,3.12
"04 Jun 21",7.39,7.39,0,4.34
"05 Jun 21",8.72,8.72,0,7.39
"06 Jun 21",9.5,9.5,0,8.72
"07 Jun 21",7.32,9.41,0,9.41
"08 Jun 21",6.62,9.41,0,7.32
"09 Jun 21",9.3,9.41,0,6.62
"10 Jun 21",10.24,10.24,0,9.3
"11 Jun 21",11.13,11.13,0,10.25
"12 Jun 21",12.08,12.08,0,11.13
"13 Jun 21",14.4,14.4,0,12.08
"14 Jun 21",16.02,16.02,0,14.4
"15 Jun 21",18.58,18.58,0,16.02
"16 Jun 21",22.1,22.1,0,18.58
"17 Jun 21",25.94,25.94,0,21.1
"18 Jun 21",31.23,31.23,0,25.54
"19 Jun 21",36.25,36.25,0,31.23
"20 Jun 21",39.28,39.28,0,36.25
"21 Jun 21",37.62,39.38,0,39.38
"22 Jun 21",32.17,39.38,0,37.62
"23 Jun 21",30.48,39.38,0,32.17
"24 Jun 21",28.35,39.38,0,30.48
"25 Jun 21",26.25,39.38,0,28.35
"26 Jun 21",23.65,3,0,26.25
"27 Jun 21",23.32,39.38,0,23.65
"28 Jun 21",22.53,39.38,0,23.32
"29 Jun 21",17.39,39.38,0,22.53
"30 Jun 21",12.44,39.38,0,17.39
"01 Jul 21",9.08,39.38,0,12.44
"02 Jul 21",7.48,39.38,0,9.08
"03 Jul 21",4.39,39.38,0,7.48
"04 Jul 21",0.44,39.38,0,4.39
"05 Jul 21",-3.85,39.38,-3.85,0.44
"06 Jul 21",-8.24,39.38,-8.24,-3.85
"07 Jul 21",-14.12,39.38,-14.12,-8.24
"08 Jul 21",-14.04,39.38,-14.12,-14.12
"09 Jul 21",-16.53,3,-16.53,-14.04
"10 Jul 21",-19.28,39.38,-19.28,-16.53
"11 Jul 21",-21.67,39.38,-21.67,-19.28
"12 Jul 21",-21.65,39.38,-21.67,-21.67
"13 Jul 21",-19.73,39.38,-21.67,-21.65
"14 Jul 21",-16.24,39.38,-21.67,-19.72
"15 Jul 21",-16.12,39.38,-21.67,-16.24
"16 Jul 21",-20.17,39.38,-21.67,-16.12
"17 Jul 21",-22.27,39.38,-21.67,-20.17
"18 Jul 21",-20.04,39.38,-21.67,-22.27
"19 Jul 21",-13.83,39.38,-21.67,-20.04
"20 Jul 21",-13.79,39.38,-21.67,-13.83
"21 Jul 21",-10.68,39.38,-21.67,-13.79
"22 Jul 21",-6.39,39.38,-22.27,-13.79
"23 Jul 21",-3.4,39.38,-22.27,-6.39
"24 Jul 21",-2.57,39.38,-22.27,-3.4
"25 Jul 21",-4.43,39.38,-22.27,-2.57
"26 Jul 21",-4.71,39.38,-22.27,-4.43
"27 Jul 21",-7.13,39.38,-22.27,-4.71
"28 Jul 21",-8.18,39.38,-22.27,-7.13
"29 Jul 21",-9.46,39.38,-22.27,-8.18
"30 Jul 21",-8.82,39.38,-22.27,-9.46
"31 Jul 21",-7.97,39.38,-22.27,-8.82
"01 Aug 21",-7.49,39.38,-22.27,-7.97
"02 Aug 21",-8.95,39.38,-22.27,-7.49
"03 Aug 21",-10.73,39.38,-22.27,-8.95
"04 Aug 21",-13.6,39.38,-22.27,-10.73
"05 Aug 21",-19.4,39.38,-22.27,-13.6
"06 Aug 21",-24.8,39.38,-24.8,-19.4
"07 Aug 21",-26.57,39.38,-26.57,-24.8
"08 Aug 21",-28.02,39.38,-28.02,-26.57
"09 Aug 21",-31.68,39.38,-31.68,-28.02
"10 Aug 21",-31.95,39.38,-31.95,-31.68
"11 Aug 21",-36.92,39.38,-36.92,-31.95
"12 Aug 21",-40.15,39.38,-40.15,-36.92
"13 Aug 21",-42.42,39.38,-42.42,-40.15
"14 Aug 21",-45.71,39.38,-45.71,-42.42
"15 Aug 21",-48.02,39.38,-48.02,-45.71
"16 Aug 21",-51.76,39.38,-51.76,-48.02
"17 Aug 21",-54.57,39.38,-54.57,-51.76
"18 Aug 21",-53.64,39.38,-54.57,-54.57
"19 Aug 21",-52.63,39.38,-54.57,-53.64
"20 Aug 21",-51.27,39.38,-54.57,-52.63
"21 Aug 21",-51.15,39.38,-54.57,-51.27
"22 Aug 21",-51.14,39.38,-54.57,-51.15
"23 Aug 21",-53.93,39.38,-54.57,-51.14
"24 Aug 21",-57.13,39.38,-57.13,-53.93
"25 Aug 21",-60.55,39.38,-60.55,-57.13
"26 Aug 21",-61.24,39.38,-61.24,-60.55
"27 Aug 21",-61.27,39.38,-61.27,-61.24
"28 Aug 21",-61.97,39.38,-61.97,-61.27
"29 Aug 21",-63.19,39.38,-63.19,-61.97
"30 Aug 21",-64.23,39.38,-64.23,-63.19
"31 Aug 21",-62.33,39.38,-64.23,-64.23
"01 Sep 21",-61.38,39.38,-64.23,-62.33
"02 Sep 21",-59.31,39.38,-64.23,-61.38
"03 Sep 21",-62.32,39.38,-64.23,-59.31
"04 Sep 21",-63.03,39.38,-64.23,-62.32
"05 Sep 21",-65.16,39.38,-65.16,-63.03
"06 Sep 21",-66.57,39.38,-66.57,-65.16
"07 Sep 21",-60.33,39.38,-66.57,-66.57
"08 Sep 21",-59.6,39.38,-66.57,-60.33
"09 Sep 21",-59.91,39.38,-66.57,-59.6
"10 Sep 21",-59.07,39.38,-66.57,-59.91
"11 Sep 21",-55.43,39.38,-66.57,-59.07
"12 Sep 21",-52.67,39.38,-66.57,-55.43
"13 Sep 21",-47.42,39.38,-66.57,-52.67
"14 Sep 21",-41.09,39.38,-66.57,-47.42
"15 Sep 21",-38.6,39.38,-66.57,-41.09
"16 Sep 21",-35.5,39.38,-66.57,-38.6
"17 Sep 21",-34.21,39.38,-66.57,-35.5
"18 Sep 21",-36.2,39.38,-66.57,-34.21
"19 Sep 21",-38.11,39.38,-66.57,-36.2
"20 Sep 21",-37.06,39.38,-66.57,-38.11
"21 Sep 21",-35.6,39.38,-66.57,-37.06
"22 Sep 21",-34.48,39.38,-66.57,-35.6
"23 Sep 21",-33.4,39.38,-66.57,-34.48
"24 Sep 21",-32.86,39.38,-66.57,-33.4
"25 Sep 21",-34.9,39.38,-66.57,-32.86
"26 Sep 21",-34.26,39.38,-66.57,-34.9
"27 Sep 21",-30.66,39.38,-66.57,-34.26
"28 Sep 21",-24.51,39.38,-66.57,-30.66
"29 Sep 21",-20.07,39.38,-66.57,-24.51
"30 Sep 21",-18.19,39.38,-66.57,-20.07
"01 Jun 22",-1.04,0,-1.04,0
"02 Jun 22",-2.84,0,-2.84,-1.04
"03 Jun 22",-3.74,0,-3.74,-2.84
"04 Jun 22",-4.09,0,-4.09,-3.74
"05 Jun 22",-6.31,0,-6.31,-4.09
"06 Jun 22",-6.33,0,-6.33,-6.31
"07 Jun 22",-9.25,0,-9.25,-6.33
"08 Jun 22",-11.23,0,-11.23,-9.25
"09 Jun 22",-13.61,0,-13.61,-11.23
"10 Jun 22",-16.01,0,-16.01,-13.61
"11 Jun 22",-17.27,0,-17.27,-16.01
"12 Jun 22",-16.59,0,-17.27,-17.27
"13 Jun 22",-17.93,0,-17.93,-16.59
"14 Jun 22",-21.39,0,-21.39,-17.93
"15 Jun 22",-19.53,0,-21.39,-21.39
"16 Jun 22",-16.66,0,-21.39,-19.53
"17 Jun 22",-12.63,0,-21.39,-16.66
"18 Jun 22",-15.59,0,-21.39,-12.63
"19 Jun 22",-10.33,0,-21.39,-15.59
"20 Jun 22",-7.77,0,-21.39,-10.33
"21 Jun 22",-5.05,0,-21.39,-7.77
"22 Jun 22",-4.24,0,-21.39,-5.05
"23 Jun 22",-7.86,0,-21.39,-4.24
"24 Jun 22",-10.01,0,-21.39,-7.86
"25 Jun 22",-11.67,0,-21.39,-10.01
"26 Jun 22",-14.28,0,-21.39,-11.67
"27 Jun 22",-16.7,0,-21.39,-14.28
"28 Jun 22",-16.32,0,-21.39,-16.7
"29 Jun 22",-13.2,0,-21.39,-16.32
"30 Jun 22",-8.69,0,-21.39,-13.2
"01 Jul 22",-4.46,0,-21.39,-8.69
"02 Jul 22",-3.25,0,-21.39,-4.46
"03 Jul 22",-1.75,0,-21.39,-3.25
"04 Jul 22",-2.06,0,-21.39,-1.75
"05 Jul 22",0.52,0.52,-21.39,-2.06
"06 Jul 22",5.03,5.03,-21.39,0.52
"07 Jul 22",5.06,5.06,-21.39,5.03
"08 Jul 22",10.04,10.04,-21.39,5.06
"09 Jul 22",11.58,11.58,-21.39,10.04
"10 Jul 22",13.52,13.52,-21.39,11.58
"11 Jul 22",14.87,14.87,-21.39,13.52
"12 Jul 22",19.58,19.58,-21.39,14.87
"13 Jul 22",22.12,22.12,-21.39,19.58
"14 Jul 22",25.27,25.27,-21.39,22.12
"15 Jul 22",30.99,30.99,-21.39,25.27
"16 Jul 22",28.56,30.99,-21.39,30.99
"17 Jul 22",29.3,30.99,-21.39,28.56
"18 Jul 22",28.67,30.99,-21.39,29.3
"19 Jul 22",26.09,30.99,-21.39,28.67
"20 Jul 22",19.76,30.99,-21.39,26.09
"21 Jul 22",11.73,30.99,-21.39,19.76
"22 Jul 22",8.36,30.99,-21.39,11.73
"23 Jul 22",9.11,30.99,-21.39,8.36
"24 Jul 22",10.59,30.99,-21.39,9.11
"25 Jul 22",8.93,30.99,-21.39,10.59
"26 Jul 22",8.8,30.99,-21.39,8.93
"27 Jul 22",6.62,30.99,-21.39,8.8
"28 Jul 22",1.14,30.99,-21.39,6.62
"29 Jul 22",-2.77,30.99,-21.39,1.14
"30 Jul 22",-5.78,30.99,-21.39,-2.77
"31 Jul 22",-7.71,30.99,-21.39,-5.78
"01 Aug 22",-9.34,30.99,-21.39,-7.71
"02 Aug 22",-9.88,30.99,-21.39,-9.34
"03 Aug 22",-11.05,30.99,-21.39,-9.88
"04 Aug 22",-12.08,30.99,-21.39,-11.05
"05 Aug 22",-11.86,30.99,-21.39,-12.08
"06 Aug 22",-10.19,30.99,-21.39,-11.86
"07 Aug 22",-8.65,30.99,-21.39,-10.19
"08 Aug 22",-3.79,30.99,-21.39,-8.65
"09 Aug 22",-1.49,30.99,-21.39,-3.79
"10 Aug 22",1.68,30.99,-21.39,-1.49
"11 Aug 22",2.45,30.99,-21.39,1.68
"12 Aug 22",-0.06,30.99,-21.39,2.45
"13 Aug 22",-0.88,30.99,-21.39,-0.06
"14 Aug 22",1.46,30.99,-21.39,-0.88
"15 Aug 22",7.44,30.99,-21.39,1.46
"16 Aug 22",9.11,30.99,-21.39,7.44
"17 Aug 22",6.51,30.99,-21.39,9.11
"18 Aug 22",1.8,30.99,-21.39,6.51
"19 Aug 22",-1.7,30.99,-21.39,1.8
"20 Aug 22",-0.36,30.99,-21.39,-1.7
"21 Aug 22",-1.39,30.99,-21.39,-0.36
"22 Aug 22",-0.02,30.99,-21.39,-1.39
"23 Aug 22",0.86,30.99,-21.39,-0.02
"24 Aug 22",0.63,30.99,-21.39,0.86
"25 Aug 22",-0.58,30.99,-21.39,0.63
"26 Aug 22",-5.41,30.99,-21.39,-0.58
"27 Aug 22",-10.43,30.99,-21.39,-5.41
"28 Aug 22",-10.69,30.99,-21.39,-10.43
"29 Aug 22",-13.15,30.99,-21.39,-10.69
"30 Aug 22",-16.79,30.99,-21.39,-13.15
"31 Aug 22",-19.95,30.99,-21.39,-16.79
"01 Sep 22",-22.93,30.99,-22.93,-19.95
"02 Sep 22",-24.38,30.99,-24.38,-22.93
"03 Sep 22",-28.67,30.99,-28.67,-24.38
"04 Sep 22",-26.33,30.99,-28.67,-28.67
"05 Sep 22",-27.35,30.99,-28.67,-26.33
"06 Sep 22",-29.46,30.99,-29.46,-27.35
"07 Sep 22",-32.2,30.99,-32.2,-29.46
"08 Sep 22",-35.05,30.99,-35.05,-32.2
"09 Sep 22",-37.06,30.99,-37.06,-35.05
"10 Sep 22",-38.64,30.99,-38.64,-37.06
"11 Sep 22",-35.94,30.99,-38.64,-38.64
"12 Sep 22",-32.66,30.99,-38.64,-35.94
"13 Sep 22",-27.93,30.99,-38.64,-32.66
"14 Sep 22",-25.65,30.99,-38.64,-27.93
"15 Sep 22",-20.79,30.99,-38.64,-25.65
"16 Sep 22",-16.15,30.99,-38.64,-20.79
"17 Sep 22",-15.43,30.99,-38.64,-16.15
"18 Sep 22",-18.03,30.99,-38.64,-15.43
"19 Sep 22",-20.14,30.99,-38.64,-18.03
"20 Sep 22",-21.16,30.99,-38.64,-20.14
"21 Sep 22",-22.25,30.99,-38.64,-21.16
"22 Sep 22",-22.31,30.99,-38.64,-22.25
"23 Sep 22",-23.75,30.99,-38.64,-22.31
"24 Sep 22",-21.14,30.99,-38.64,-23.75
"25 Sep 22",-19.62,30.99,-38.64,-21.14
"26 Sep 22",-20.33,30.99,-38.64,-19.62
"27 Sep 22",-21.62,30.99,-38.64,-20.33
"28 Sep 22",-24.02,30.99,-38.64,-21.62
"29 Sep 22",-24.99,30.99,-38.64,-24.02
"30 Sep 22",-25.84,30.99,-38.64,-24.99
"01 Jun 23",-1.48,0,-1.48,0
"02 Jun 23",-3.53,0,-3.53,-1.48
"03 Jun 23",-6.76,0,-6.76,-3.53
"04 Jun 23",-8.95,0,-8.95,-6.76
"05 Jun 23",-12.61,0,-12.61,-8.95
"06 Jun 23",-16.84,0,-16.84,-12.61
"07 Jun 23",-20.8,0,-20.8,-16.84
"08 Jun 23",-24.29,0,-24.29,-20.8
"09 Jun 23",-27.48,0,-27.48,-24.29
"10 Jun 23",-30.36,0,-30.36,-27.48
"11 Jun 23",-31.57,0,-31.57,-30.36
"12 Jun 23",-34.41,0,-34.41,-31.57
"13 Jun 23",-37.34,0,-37.34,-34.41
"14 Jun 23",-40.68,0,-40.68,-37.34
"15 Jun 23",-42.98,0,-42.98,-40.68
"16 Jun 23",-42.45,0,-42.98,-42.98
"17 Jun 23",-42.67,0,-42.98,-42.45
"18 Jun 23",-41.66,0,-42.98,-42.67
"19 Jun 23",-41.32,0,-42.98,-41.66
"20 Jun 23",-43.57,0,-43.57,-41.32
"21 Jun 23",-44.39,0,-44.39,-43.57
"22 Jun 23",-44.67,0,-44.67,-44.39
"23 Jun 23",-46.53,0,-46.53,-44.67
"24 Jun 23",-48.93,0,-48.93,-46.53
"25 Jun 23",-46.18,0,-48.93,-48.93
"26 Jun 23",-40.87,0,-48.93,-46.18
"27 Jun 23",-37.3,0,-48.93,-40.87
"28 Jun 23",-32.67,0,-48.93,-37.3
"29 Jun 23",-27.65,0,-48.93,-32.67
"30 Jun 23",-23.64,0,-48.93,-27.65
"01 Jul 23",-21.63,0,-48.93,-23.64
"02 Jul 23",-22.24,0,-48.93,-21.63
"03 Jul 23",-25.51,0,-48.93,-22.24
"04 Jul 23",-26.63,0,-48.93,-25.51
"05 Jul 23",-23.77,0,-48.93,-26.63
"06 Jul 23",-17.7,0,-48.93,-23.77
"07 Jul 23",-10.12,0,-48.93,-17.7
"08 Jul 23",-3.24,0,-48.93,-10.12
"09 Jul 23",2.06,2.06,-48.93,-3.24
"10 Jul 23",1.35,2.06,-48.93,2.06
"11 Jul 23",1.16,2.06,-48.93,1.35
"12 Jul 23",-0.88,2.06,-48.93,1.16
"13 Jul 23",-0.02,2.06,-48.93,-0.88
"14 Jul 23",-0.21,2.06,-48.93,-0.02
"15 Jul 23",-2.33,2.06,-48.93,-0.21
"16 Jul 23",-1.49,2.06,-48.93,-2.33
"17 Jul 23",-2.59,2.06,-48.93,-1.49
"18 Jul 23",-2.43,2.06,-48.93,-2.59
"18 Jul 23",-2.43,2.06,-48.93,-2.59
"19 Jul 23",-2.9,2.06,-48.93,-2.43
"20 Jul 23",-5.05,2.06,-48.93,-2.9
"21 Jul 23",-6.39,2.06,-48.93,-5.05
"22 Jul 23",-6.54,2.06,-48.93,-6.39
"23 Jul 23",-6.08,2.06,-48.93,-6.54
"24 Jul 23",-7.29,2.06,-48.93,-6.08
"25 Jul 23",-4.78,2.06,-48.93,-7.29
"26 Jul 23",-3.14,2.06,-48.93,-4.78
"27 Jul 23",2.91,2.91,-48.93,-3.14
"28 Jul 23",3.9,3.9,-48.93,2.91
"29 Jul 23",5.44,5.44,-48.93,3.9
"30 Jul 23",0.88,5.44,-48.93,5.44
"31 Jul 23",-4.38,5.44,-48.93,0.88
"01 Aug 23",-9.12,5.44,-48.93,-4.38
"02 Aug 23",-9.88,5.44,-48.93,-9.12
"03 Aug 23",-10.55,5.44,-48.93,-9.88
"04 Aug 23",-13.19,5.44,-48.93,-10.55
"05 Aug 23",-18.88,5.44,-48.93,-13.19
"06 Aug 23",-24.1,5.44,-48.93,-18.88
"07 Aug 23",-27.9,5.44,-48.93,-24.1
"08 Aug 23",-32.91,5.44,-48.93,-27.9
"09 Aug 23",-38.19,5.44,-48.93,-32.91
"10 Aug 23",-41.29,5.44,-48.93,-38.19
"11 Aug 23",-47.63,5.44,-48.93,-41.29
"12 Aug 23",-53.11,5.44,-53.11,-47.63
"13 Aug 23",-55.93,5.44,-55.93,-53.11
"14 Aug 23",-61.33,5.44,-61.33,-55.93
"15 Aug 23",-68.24,5.44,-68.24,-61.33
"16 Aug 23",-74.61,5.44,-74.61,-68.24
"17 Aug 23",-80.3,5.44,-80.3,-74.61
"18 Aug 23",-82.67,5.44,-82.67,-80.3
"20 Aug 23",-88.85,5.44,-88.85,-84.99
"21 Aug 23",-95.23,5.44,-95.23,-88.85
"22 Aug 23",-98.58,5.44,-98.58,-95.23
"23 Aug 23",-99.3,5.44,-99.3,-98.58
"24 Aug 23",-102.52,5.44,-102.52,-99.3
"25 Aug 23",-103.62,5.44,-103.62,-102.52
"26 Aug 23",-106.6,5.44,-106.6,-103.62
"27 Aug 23",-108.82,5.44,-108.82,-106.6
"28 Aug 23",-113.64,5.44,-113.64,-108.82
"29 Aug 23",-119.71,5.44,-119.71,-113.64
"30 Aug 23",-126.9,5.44,-126.9,-119.71
"31 Aug 23",-133.52,5.44,-133.52,-126.9
"01 Sep 23",-139.61,5.44,-139.61,-133.52
"02 Sep 23",-145.45,5.44,-145.45,-139.61
"03 Sep 23",-149.12,5.44,-149.12,-145.45
"04 Sep 23",-150.16,5.44,-150.16,-149.12
"05 Sep 23",-154.07,5.44,-154.07,-150.16
"06 Sep 23",-156.98,5.44,-156.98,-154.07
"07 Sep 23",-158.56,5.44,-158.56,-156.98
"08 Sep 23",-157.33,5.44,-158.56,-158.56
"09 Sep 23",-157.38,5.44,-158.56,-157.33
"10 Sep 23",-157.88,5.44,-158.56,-157.38
"11 Sep 23",-158.16,5.44,-158.16,-157.88
"12 Sep 23",-160.68,5.44,-160.68,-158.16
"13 Sep 23",-163.4,5.44,-163.4,-160.68
"14 Sep 23",-163.35,5.44,-163.4,-163.4
"15 Sep 23",-160.68,5.44,-163.4,-163.35
"16 Sep 23",-158.46,5.44,-163.4,-160.68
"17 Sep 23",-156.07,5.44,-163.4,-158.46
"18 Sep 23",-155.92,5.44,-163.4,-156.07
"19 Sep 23",-155.12,5.44,-163.4,-155.92
"20 Sep 23",-154.76,5.44,-163.4,-155.12
"21 Sep 23",-152.3,5.44,-163.4,-154.76
"22 Sep 23",-148.5,5.44,-163.4,-152.3
"23 Sep 23",-145.1,5.44,-163.4,-148.5
"24 Sep 23",-142.37,5.44,-163.4,-145.1
"25 Sep 23",-142.74,5.44,-163.4,-142.37
"26 Sep 23",-144.67,5.44,-163.4,-142.74
"27 Sep 23",-145.72,5.44,-163.4,-144.67
"28 Sep 23",-146.91,5.44,-163.4,-145.72
"29 Sep 23",-147.19,5.44,-163.4,-146.91
"30 Sep 23",-146.22,5.44,-163.4,-147.19
"01 Oct 23",-147.19,5.44,-163.4,-146.91
"02 Oct 23",-146.22,5.44,-163.4,-147.19
"03 Oct 23",-146.22,5.44,-163.4,-147.19
"04 Oct 23",-146.22,5.44,-163.4,-147.19
"05 Oct 23",-146.22,5.44,-163.4,-147.19
"06 Oct 23",-146.22,5.44,-163.4,-147.19
"01 Jun 24",-1.51,0,-1.51,0
"02 Jun 24",0.02,0.02,-1.51,-1.51
"03 Jun 24",3.49,3.49,-1.51,0.02
"04 Jun 24",3.48,3.49,-1.51,3.49
"05 Jun 24",2.56,3.49,-1.51,3.48
"06 Jun 24",1.99,3.49,-1.51,2.56
"07 Jun 24",2.5,3.49,-1.51,1.99
"08 Jun 24",3.04,3.49,-1.51,2.5
"09 Jun 24",4.62,4.62,-1.51,3.04
"10 Jun 24",4.55,4.62,-1.51,4.62
"11 Jun 24",2.33,4.62,-1.51,4.55
"12 Jun 24",0.47,4.62,-1.51,2.33
"13 Jun 24",-1.6,4.62,-1.6,0.47
"14 Jun 24",-6.01,4.62,-6.01,-1.6
"15 Jun 24",-10.36,4.62,-10.36,-6.01
"18 Jun 24",-16.81,4.62,-16.81,-16.17
"19 Jun 24",-14.89,4.62,-16.81,-16.81
"20 Jun 24",-14.48,4.62,-16.81,-14.89
"21 Jun 24",-14.87,4.62,-16.81,-14.48
"22 Jun 24",-15.29,4.62,-16.81,-14.87
"23 Jun 24",-18.03,4.62,-18.03,-15.29
"24 Jun 24",-21.35,4.62,-21.35,-18.03
"25 Jun 24",-22.92,4.62,-22.92,-21.35
"26 Jun 24",-24.08,4.62,-24.08,-22.92
"27 Jun 24",-21.32,4.62,-24.08,-24.08
"29 Jun 24",-14.65,4.62,-24.08,-16.37
"30 Jun 24",-8.03,4.62,-24.08,-14.65
"01 Jul 24",0.55,4.62,-24.09,-8.03
"02 Jul 24",3.38,4.62,-24.09,0.55
"03 Jul 24",3.09,4.62,-24.09,3.38
"04 Jul 24",5,5,-24.09,3.09
"05 Jul 24",6.73,6.73,-24.09,5
"06 Jul 24",14,14,-24.09,6.73
"07 Jul 24",18.57,18.57,-24.09,14
"08 Jul 24",19.8,19.8,-24.09,18.57
"09 Jul 24",18.84,19.8,-24.09,19.8
"10 Jul 24",13.88,19.9,-24.09,18.84
"11 Jul 24",9.75,19.8,-24.09,13.88
"12 Jul 24",8.18,19.8,-24.09,9.75
"13 Jul 24",11.82,19.8,-24.09,8.18
"14 Jul 24",12.79,19.8,-24.09,11.82
"15 Jul 24",12.16,19.8,-24.09,12.79
"16 Jul 24",14.3,19.8,-24.09,12.16
"17 Jul 24",11.32,19.8,-24.09,14.3
"18 Jul 24",9.62,19.8,-24.09,11.32
"19 Jul 24",11.93,19.8,-24.09,9.62
"20 Jul 24",14.58,19.8,-24.09,11.93
"21 Jul 24",16.03,19.8,-24.09,14.58
"25 Jul 24",29.02,29.02,-24.09,25.9
"26 Jul 24",28.08,29.02,-24.09,29.02
"27 Jul 24",26.62,29.02,-24.09,28.08
"28 Jul 24",24.83,29.02,-24.09,26.62
"29 Jul 24",21.79,29.02,-24.09,24.84
"30 Jul 24",21.3,29.02,-24.09,21.79
"31 Jul 24",20.23,29.02,-24.09,21.3
"01 Aug 24",28.54,29.02,-24.09,20.23
"02 Aug 24",35.46,35.46,-24.09,28.54
"03 Aug 24",40.52,40.52,-24.09,35.46
"04 Aug 24",43.11,43.11,-24.09,40.52
"05 Aug 24",42.46,43.11,-24.09,43.11
"07 Aug 24",51.56,51.56,-24.09,45.4
"08 Aug 24",53.51,53.51,-24.09,51.56
"09 Aug 24",52.72,53.51,-24.09,53.51
"10 Aug 24",50.98,53.51,-24.09,52.72
"11 Aug 24",50.52,53.51,-24.09,50.99
"12 Aug 24",49.31,53.51,-24.09,50.52
"13 Aug 24",42.1,53.51,-24.09,49.31
"14 Aug 24",42.1,53.51,-24.09,45.26
"15 Aug 24",41.88,53.51,-24.09,42.1
"16 Aug 24",40.77,53.51,-24.09,41.88
"17 Aug 24",40.53,53.51,-24.09,40.77
"18 Aug 24",37.85,53.51,-24.09,40.53
"19 Aug 24",36.35,53.51,-24.09,37.85
"20 Aug 24",37.28,53.51,-24.09,36.35
"21 Aug 24",37.65,53.51,-24.09,37.28
"22 Aug 24",37.81,53.51,-24.09,37.65
"23 Aug 24",36.51,53.51,-24.09,37.65
"24 Aug 24",42.52,53.51,-24.09,36.51
"25 Aug 24",47.05,53.51,-24.09,42.52
"26 Aug 24",48.45,53.51,-24.09,47.05
"27 Aug 24",54.96,54.96,-24.09,48.45
"28 Aug 24",58.24,58.24,-24.09,54.96
"29 Aug 24",60.59,60.59,-24.09,58.24
"30 Aug 24",61.37,61.37,-24.09,60.59
"31 Aug 24",63.07,63.07,-24.09,61.37
"01 Sep 24",67.23,67.23,-24.09,63.07
